Year,Country of nationality,Q1,Q2,Q3,Q4,Total Study (excl.Short-term study)
2005,Afghanistan,8,10,40,15,73
2005,Albania,27,34,179,53,293
2005,Algeria,38,29,124,56,247
2005,American Samoa,0,0,0,0,0
2005,Andorra,0,0,0,1,1
2005,Angola,59,56,141,72,328
2005,Anguilla (British),0,0,0,0,0
2005,Antigua and Barbuda,1,1,6,3,11
2005,Argentina,28,36,85,39,188
2005,Armenia,21,36,61,29,147
2005,Aruba,0,0,0,0,0
2005,Australia,54,101,474,135,764
2005,Austria,0,0,0,0,0
2005,Azerbaijan,54,141,229,56,480
2005,"Bahamas, The",8,11,61,4,84
2005,Bahrain,57,69,433,51,610
2005,Bangladesh,709,765,"1,530",565,3569
2005,Barbados,16,8,141,13,178
2005,Belarus,75,410,140,33,658
2005,Belgium,0,0,0,0,0
2005,Belize,0,4,11,0,15
2005,Benin,10,7,11,7,35
2005,Bermuda (British),0,1,0,0,1
2005,Bhutan,5,1,12,0,18
2005,Bolivia,13,34,60,9,116
2005,"Bonaire, Sint Eustatius and Saba",0,0,0,0,0
2005,Bosnia and Herzegovina,17,56,67,20,160
2005,Botswana,19,23,197,18,257
2005,Brazil,590,"1,427","1,628",980,4625
2005,British overseas citizens,2,2,1,3,8
2005,Brunei,17,18,416,109,560
2005,Bulgaria,64,89,405,57,615
2005,Burkina,4,5,11,2,22
2005,Burma,87,79,142,64,372
2005,Burundi,3,0,1,2,6
2005,Cambodia,9,3,12,3,27
2005,Cameroon,88,68,199,77,432
2005,Canada,78,267,"2,002",202,2549
2005,Cape Verde,3,1,2,2,8
2005,Cayman Islands (British),0,0,4,0,4
2005,Central African Republic,0,0,1,0,1
2005,Chad,0,3,3,1,7
2005,Chile,35,39,143,44,261
2005,China,"1,777","3,495","11,963","1,742",18977
2005,Christmas Island,0,0,0,0,0
2005,Cocos (Keeling) Islands,0,0,0,0,0
2005,Colombia,628,801,664,742,2835
2005,Comoros,2,1,1,1,5
2005,Congo,11,13,21,6,51
2005,Congo (Democratic Republic),5,16,22,10,53
2005,Cook Islands,0,0,0,0,0
2005,Costa Rica,1,0,14,4,19
2005,Croatia,64,370,285,74,793
2005,Cuba,8,9,16,11,44
2005,Curacao,0,0,0,0,0
2005,Cyprus,2,8,14,4,28
2005,Cyprus (Northern part of),0,0,0,0,0
2005,Czech Republic,0,1,0,0,1
2005,Denmark,0,0,0,0,0
2005,Djibouti,2,3,1,1,7
2005,Dominica,4,3,22,6,35
2005,Dominican Republic,5,9,11,9,34
2005,East Timor,0,0,0,0,0
2005,Ecuador,40,72,94,42,248
2005,Egypt,214,180,382,165,941
2005,El Salvador,5,0,14,1,20
2005,Equatorial Guinea,7,2,3,1,13
2005,Eritrea,3,0,3,7,13
2005,Estonia,0,0,0,0,0
2005,Ethiopia,18,18,95,20,151
2005,Falkland Islands (British),0,0,0,0,0
2005,Faroe Islands,0,0,0,0,0
2005,Fiji,2,2,13,3,20
2005,Finland,0,0,0,0,0
2005,Former Yugoslavia,0,0,0,0,0
2005,France,0,0,0,0,0
2005,French Guiana,0,0,0,0,0
2005,French Polynesia,0,0,0,0,0
2005,Gabon,11,10,8,5,34
2005,"Gambia, The",109,118,229,93,549
2005,Georgia,39,38,123,40,240
2005,Germany,0,0,0,0,0
2005,Ghana,293,212,748,224,1477
2005,Gibraltar (British),0,0,0,0,0
2005,Greece,0,0,0,0,0
2005,Greenland,0,0,0,0,0
2005,Grenada,6,7,27,1,41
2005,Guadeloupe,0,0,0,0,0
2005,Guam,0,0,0,0,0
2005,Guatemala,2,5,12,5,24
2005,Guinea,12,18,33,20,83
2005,Guinea-Bissau,2,0,1,3,6
2005,Guyana,16,19,53,17,105
2005,Haiti,4,4,6,0,14
2005,Heard Island and McDonald Islands,0,0,0,0,0
2005,Honduras,3,1,6,2,12
2005,Hong Kong,187,399,"4,362",379,5327
2005,Hungary,0,0,0,0,0
2005,Iceland,0,0,1,0,1
2005,India,"3,637","2,976","11,663","3,364",21640
2005,Indonesia,115,110,463,89,777
2005,Iran,252,333,776,378,1739
2005,Iraq,33,36,112,48,229
2005,Ireland,0,1,0,0,1
2005,Israel,224,509,"1,118",232,2083
2005,Italy,0,0,0,0,0
2005,Ivory Coast,40,20,39,28,127
2005,Jamaica,23,49,140,17,229
2005,Japan,"1,888","2,101","3,661","1,043",8693
2005,Jordan,101,202,583,110,996
2005,Kazakhstan,115,"1,228",944,207,2494
2005,Kenya,94,86,598,120,898
2005,Kiribati,1,0,0,0,1
2005,Korea (North),2,0,5,0,7
2005,Korea (South),"2,159","1,877","3,197","1,613",8846
2005,Kosovo,0,0,0,0,0
2005,Kuwait,95,152,390,104,741
2005,Kyrgyzstan,17,24,55,43,139
2005,Laos,3,3,5,2,13
2005,Latvia,0,0,0,0,0
2005,Lebanon,35,52,230,79,396
2005,Lesotho,0,2,7,1,10
2005,Liberia,0,0,7,1,8
2005,Libya,"1,188","1,245","1,618","1,526",5577
2005,Liechtenstein,0,0,0,0,0
2005,Lithuania,0,0,0,0,0
2005,Luxembourg,0,0,0,0,0
2005,Macau,8,13,54,6,81
2005,Macedonia,8,23,42,12,85
2005,Madagascar,7,7,11,5,30
2005,Malawi,133,102,352,109,696
2005,Malaysia,479,629,"3,543",596,5247
2005,Maldives,1,3,90,15,109
2005,Mali,5,2,7,1,15
2005,Malta,0,0,0,0,0
2005,Marshall Islands,0,0,0,0,0
2005,Martinique,0,0,0,0,0
2005,Mauritania,3,4,6,3,16
2005,Mauritius,268,393,793,251,1705
2005,Mayotte,0,0,0,0,0
2005,Mexico,147,158,872,196,1373
2005,Micronesia,0,0,0,0,0
2005,Moldova,21,22,80,28,151
2005,Monaco,0,0,0,2,2
2005,Mongolia,26,16,92,33,167
2005,Montenegro,0,0,0,0,0
2005,Montserrat (British),0,0,0,0,0
2005,Morocco,71,54,218,50,393
2005,Mozambique,10,13,37,8,68
2005,Namibia,7,3,23,2,35
2005,Nauru,0,0,0,0,0
2005,Nepal,102,108,281,174,665
2005,Netherlands,0,0,0,0,0
2005,Netherlands Antilles,0,0,0,0,0
2005,New Caledonia,0,0,0,0,0
2005,New Zealand,15,34,103,17,169
2005,Nicaragua,0,0,3,0,3
2005,Niger,4,1,8,3,16
2005,Nigeria,"1,400",974,"3,812","1,410",7596
2005,Niue,0,0,0,0,0
2005,Norfolk Island,0,0,0,0,0
2005,Northern Mariana Islands,0,0,0,0,0
2005,Norway,0,0,0,0,0
2005,Occupied Palestinian Territories,24,45,94,41,204
2005,Oman,102,244,787,157,1290
2005,Other and unknown,20,20,48,14,102
2005,Pakistan,"1,652","1,340","5,167","1,574",9733
2005,Palau,0,0,0,0,0
2005,Panama,3,5,14,4,26
2005,Papua New Guinea,3,0,8,2,13
2005,Paraguay,4,0,8,2,14
2005,Peru,87,77,156,118,438
2005,Philippines,383,335,450,310,1478
2005,Pitcairn Islands (British),0,0,0,0,0
2005,Poland,0,0,0,0,0
2005,Portugal,0,0,0,0,0
2005,Puerto Rico,0,0,0,0,0
2005,Qatar,89,145,347,82,663
2005,Refugee,0,1,4,0,5
2005,Reunion,0,0,0,0,0
2005,Romania,107,166,447,110,830
2005,Russia,234,741,"1,952",462,3389
2005,Rwanda,4,13,31,8,56
2005,Samoa,0,1,4,0,5
2005,San Marino,0,0,1,0,1
2005,Sao Tome and Principe,13,7,13,18,51
2005,Saudi Arabia,466,"1,070","1,225",590,3351
2005,Senegal,13,10,33,15,71
2005,Serbia,0,0,0,0,0
2005,Serbia and Montenegro,100,763,481,99,1443
2005,Seychelles,4,14,40,6,64
2005,Sierra Leone,34,38,112,42,226
2005,Singapore,38,86,752,59,935
2005,Slovakia,0,0,0,0,0
2005,Slovenia,0,0,0,0,0
2005,Solomon Islands,4,0,1,2,7
2005,Somalia,1,0,3,0,4
2005,South Africa,84,82,288,101,555
2005,South Georgia and South Sandwich Islands,0,0,0,0,0
2005,Spain,1,0,0,0,1
2005,Sri Lanka,510,217,"1,193",525,2445
2005,St. Helena (British),0,0,0,0,0
2005,St. Kitts and Nevis,1,3,7,2,13
2005,St. Lucia,18,12,63,11,104
2005,St. Maarten (Dutch Part),0,0,0,0,0
2005,St. Martin (French Part),0,0,0,0,0
2005,St. Pierre and Miquelon,0,0,0,0,0
2005,St. Vincent and the Grenadines,6,7,31,7,51
2005,Stateless,4,18,17,2,41
2005,Sudan,86,63,112,51,312
2005,Sudan (South),0,0,0,0,0
2005,Surinam,0,0,2,2,4
2005,Svalbard and Jan Mayen,0,0,0,0,0
2005,Swaziland,1,2,30,2,35
2005,Sweden,0,0,0,0,0
2005,Switzerland,0,0,0,0,0
2005,Syria,117,189,288,157,751
2005,Taiwan,765,"4,926","3,013",833,9537
2005,Tajikistan,2,23,40,12,77
2005,Tanzania,126,77,479,120,802
2005,Thailand,555,772,"1,663",450,3440
2005,Togo,5,3,6,1,15
2005,Tokelau,0,0,0,0,0
2005,Tonga,0,0,4,1,5
2005,Trinidad and Tobago,46,84,283,43,456
2005,Tunisia,22,19,42,18,101
2005,Turkey,552,"3,250","2,284","1,112",7198
2005,Turkmenistan,62,135,210,51,458
2005,Turks and Caicos Islands (British),0,0,0,0,0
2005,Tuvalu,0,0,1,0,1
2005,Uganda,109,67,348,89,613
2005,Ukraine,81,230,515,133,959
2005,United Arab Emirates,253,202,499,174,1128
2005,United States,477,"1,214","6,858",882,9431
2005,Uruguay,2,0,12,5,19
2005,Uzbekistan,61,197,403,97,758
2005,Vanuatu,0,0,0,0,0
2005,Vatican City,0,0,0,0,0
2005,Venezuela,50,61,153,86,350
2005,Vietnam,145,329,805,159,1438
2005,Virgin Islands (British),0,0,0,0,0
2005,Virgin Islands (US),0,0,0,0,0
2005,Wallis and Futuna,0,0,0,0,0
2005,Western Sahara,0,0,0,0,0
2005,Yemen,54,52,115,62,283
2005,Zambia,139,66,262,83,550
2005,Zimbabwe,198,168,491,200,1057
2006,Afghanistan,9,13,50,29,101
2006,Albania,44,147,237,49,477
2006,Algeria,37,43,143,105,328
2006,American Samoa,0,0,0,0,0
2006,Andorra,0,0,4,0,4
2006,Angola,82,106,116,71,375
2006,Anguilla (British),0,0,0,0,0
2006,Antigua and Barbuda,1,2,19,2,24
2006,Argentina,27,33,104,32,196
2006,Armenia,21,67,83,22,193
2006,Aruba,0,0,0,0,0
2006,Australia,71,125,473,135,804
2006,Austria,0,0,0,0,0
2006,Azerbaijan,43,190,243,55,531
2006,"Bahamas, The",2,9,71,11,93
2006,Bahrain,48,73,496,85,702
2006,Bangladesh,736,642,"1,719","1,056",4153
2006,Barbados,18,6,133,11,168
2006,Belarus,21,55,95,25,196
2006,Belgium,0,0,0,0,0
2006,Belize,1,1,16,0,18
2006,Benin,12,6,20,3,41
2006,Bermuda (British),0,1,0,0,1
2006,Bhutan,4,0,15,3,22
2006,Bolivia,36,26,65,35,162
2006,"Bonaire, Sint Eustatius and Saba",0,0,0,0,0
2006,Bosnia and Herzegovina,19,32,57,19,127
2006,Botswana,38,35,232,54,359
2006,Brazil,511,917,"1,368",584,3380
2006,British overseas citizens,2,1,5,3,11
2006,Brunei,35,17,602,110,764
2006,Bulgaria,93,108,474,51,726
2006,Burkina,3,3,7,2,15
2006,Burma,75,49,160,65,349
2006,Burundi,0,1,5,2,8
2006,Cambodia,5,4,17,12,38
2006,Cameroon,87,72,222,89,470
2006,Canada,83,237,"2,171",206,2697
2006,Cape Verde,1,0,2,0,3
2006,Cayman Islands (British),0,0,0,0,0
2006,Central African Republic,1,0,3,0,4
2006,Chad,0,1,3,4,8
2006,Chile,50,63,192,74,379
2006,China,"1,851","4,277","13,655","2,079",21862
2006,Christmas Island,0,0,0,0,0
2006,Cocos (Keeling) Islands,0,0,0,0,0
2006,Colombia,596,742,638,"1,101",3077
2006,Comoros,2,0,1,0,3
2006,Congo,7,14,24,20,65
2006,Congo (Democratic Republic),17,8,26,12,63
2006,Cook Islands,0,0,0,0,0
2006,Costa Rica,1,2,20,2,25
2006,Croatia,42,14,122,36,214
2006,Cuba,9,15,28,11,63
2006,Curacao,0,0,0,0,0
2006,Cyprus,6,1,12,2,21
2006,Cyprus (Northern part of),0,0,0,0,0
2006,Czech Republic,0,0,0,0,0
2006,Denmark,0,0,0,0,0
2006,Djibouti,3,1,4,2,10
2006,Dominica,7,4,16,7,34
2006,Dominican Republic,2,7,20,6,35
2006,East Timor,0,0,0,0,0
2006,Ecuador,51,46,118,66,281
2006,Egypt,168,181,492,350,1191
2006,El Salvador,4,1,11,1,17
2006,Equatorial Guinea,2,4,3,2,11
2006,Eritrea,3,4,12,1,20
2006,Estonia,0,0,0,0,0
2006,Ethiopia,17,15,76,26,134
2006,Falkland Islands (British),0,0,0,0,0
2006,Faroe Islands,0,0,0,0,0
2006,Fiji,1,0,13,1,15
2006,Finland,0,0,0,0,0
2006,Former Yugoslavia,0,0,0,0,0
2006,France,0,0,0,0,0
2006,French Guiana,0,0,0,0,0
2006,French Polynesia,0,0,0,0,0
2006,Gabon,6,11,21,9,47
2006,"Gambia, The",110,74,251,85,520
2006,Georgia,42,38,134,51,265
2006,Germany,0,0,2,0,2
2006,Ghana,172,238,780,250,1440
2006,Gibraltar (British),0,0,0,0,0
2006,Greece,0,0,0,0,0
2006,Greenland,0,0,0,0,0
2006,Grenada,4,7,29,5,45
2006,Guadeloupe,0,0,0,0,0
2006,Guam,0,0,0,0,0
2006,Guatemala,1,0,16,2,19
2006,Guinea,18,10,30,19,77
2006,Guinea-Bissau,5,2,12,2,21
2006,Guyana,10,13,66,23,112
2006,Haiti,3,3,5,2,13
2006,Heard Island and McDonald Islands,0,0,0,0,0
2006,Honduras,1,1,7,0,9
2006,Hong Kong,264,442,"4,450",287,5443
2006,Hungary,0,0,0,0,0
2006,Iceland,0,0,0,0,0
2006,India,"4,689","2,800","13,764","3,171",24424
2006,Indonesia,52,148,451,75,726
2006,Iran,340,421,"1,126",433,2320
2006,Iraq,97,93,186,36,412
2006,Ireland,0,0,0,0,0
2006,Israel,131,274,332,54,791
2006,Italy,0,0,0,0,0
2006,Ivory Coast,18,19,79,36,152
2006,Jamaica,23,22,121,20,186
2006,Japan,"1,876","1,897","3,552","1,009",8334
2006,Jordan,143,191,638,162,1134
2006,Kazakhstan,149,"1,367","1,347",268,3131
2006,Kenya,107,91,714,152,1064
2006,Kiribati,0,1,0,0,1
2006,Korea (North),1,1,2,0,4
2006,Korea (South),"2,248","1,580","2,889","1,207",7924
2006,Kosovo,0,0,0,0,0
2006,Kuwait,97,171,464,151,883
2006,Kyrgyzstan,32,48,90,26,196
2006,Laos,3,0,2,0,5
2006,Latvia,0,0,0,0,0
2006,Lebanon,39,67,242,50,398
2006,Lesotho,3,2,20,0,25
2006,Liberia,1,1,4,0,6
2006,Libya,"1,587","1,774","2,922","1,725",8008
2006,Liechtenstein,0,0,0,0,0
2006,Lithuania,0,0,0,0,0
2006,Luxembourg,0,0,0,0,0
2006,Macau,2,17,60,7,86
2006,Macedonia,17,81,64,11,173
2006,Madagascar,2,9,12,3,26
2006,Malawi,66,60,231,101,458
2006,Malaysia,442,419,"3,987",760,5608
2006,Maldives,14,8,95,16,133
2006,Mali,5,2,13,7,27
2006,Malta,0,0,0,0,0
2006,Marshall Islands,0,0,0,0,0
2006,Martinique,0,0,0,0,0
2006,Mauritania,2,4,13,2,21
2006,Mauritius,255,231,726,162,1374
2006,Mayotte,0,0,0,0,0
2006,Mexico,162,181,912,193,1448
2006,Micronesia,0,0,0,0,0
2006,Moldova,43,21,81,18,163
2006,Monaco,0,0,3,0,3
2006,Mongolia,41,88,104,70,303
2006,Montenegro,0,0,0,0,0
2006,Montserrat (British),0,0,0,0,0
2006,Morocco,78,82,248,53,461
2006,Mozambique,0,4,20,3,27
2006,Namibia,4,9,32,6,51
2006,Nauru,0,0,0,0,0
2006,Nepal,174,159,483,238,1054
2006,Netherlands,0,0,0,0,0
2006,Netherlands Antilles,0,0,0,0,0
2006,New Caledonia,0,0,0,0,0
2006,New Zealand,8,24,104,12,148
2006,Nicaragua,0,0,9,0,9
2006,Niger,5,3,5,4,17
2006,Nigeria,"1,333",910,"4,039","1,630",7912
2006,Niue,0,0,0,0,0
2006,Norfolk Island,0,0,0,0,0
2006,Northern Mariana Islands,0,0,0,0,0
2006,Norway,0,1,0,0,1
2006,Occupied Palestinian Territories,35,51,108,53,247
2006,Oman,113,343,961,150,1567
2006,Other and unknown,21,11,56,14,102
2006,Pakistan,"2,467","1,853","6,552","2,465",13337
2006,Palau,0,0,0,0,0
2006,Panama,1,2,14,4,21
2006,Papua New Guinea,5,0,6,0,11
2006,Paraguay,2,0,13,3,18
2006,Peru,64,87,155,125,431
2006,Philippines,218,214,287,165,884
2006,Pitcairn Islands (British),0,0,0,0,0
2006,Poland,0,0,0,0,0
2006,Portugal,0,0,0,0,0
2006,Puerto Rico,0,0,0,0,0
2006,Qatar,119,247,489,128,983
2006,Refugee,1,0,6,2,9
2006,Reunion,0,0,0,0,0
2006,Romania,158,133,425,48,764
2006,Russia,666,"1,319","2,436",505,4926
2006,Rwanda,4,6,47,7,64
2006,Samoa,0,0,1,2,3
2006,San Marino,1,0,2,0,3
2006,Sao Tome and Principe,11,14,13,14,52
2006,Saudi Arabia,525,"1,613","1,754","1,298",5190
2006,Senegal,16,12,41,40,109
2006,Serbia,0,0,0,0,0
2006,Serbia and Montenegro,100,421,458,124,1103
2006,Seychelles,4,10,45,6,65
2006,Sierra Leone,53,53,136,56,298
2006,Singapore,35,55,947,58,1095
2006,Slovakia,0,0,0,1,1
2006,Slovenia,0,0,0,0,0
2006,Solomon Islands,0,1,1,0,2
2006,Somalia,0,3,1,0,4
2006,South Africa,101,79,294,90,564
2006,South Georgia and South Sandwich Islands,0,0,0,0,0
2006,Spain,0,0,0,0,0
2006,Sri Lanka,562,315,"1,569",563,3009
2006,St. Helena (British),0,0,0,0,0
2006,St. Kitts and Nevis,0,1,17,2,20
2006,St. Lucia,18,11,56,11,96
2006,St. Maarten (Dutch Part),0,0,0,0,0
2006,St. Martin (French Part),0,0,0,0,0
2006,St. Pierre and Miquelon,0,0,0,0,0
2006,St. Vincent and the Grenadines,9,5,43,10,67
2006,Stateless,6,8,15,6,35
2006,Sudan,42,40,135,76,293
2006,Sudan (South),0,0,0,0,0
2006,Surinam,2,0,1,1,4
2006,Svalbard and Jan Mayen,0,0,0,0,0
2006,Swaziland,4,2,14,1,21
2006,Sweden,0,0,0,0,0
2006,Switzerland,0,0,2,0,2
2006,Syria,164,235,390,160,949
2006,Taiwan,"1,000","3,967","4,128",658,9753
2006,Tajikistan,4,7,35,9,55
2006,Tanzania,145,91,578,151,965
2006,Thailand,844,841,"1,873",526,4084
2006,Togo,6,2,18,6,32
2006,Tokelau,0,0,0,0,0
2006,Tonga,1,0,1,1,3
2006,Trinidad and Tobago,42,64,328,61,495
2006,Tunisia,12,27,47,28,114
2006,Turkey,"1,054","3,138","3,056","1,443",8691
2006,Turkmenistan,41,52,88,45,226
2006,Turks and Caicos Islands (British),0,0,0,0,0
2006,Tuvalu,3,0,0,0,3
2006,Uganda,96,67,323,53,539
2006,Ukraine,219,514,770,215,1718
2006,United Arab Emirates,239,187,519,198,1143
2006,United States,455,"1,122","7,043","1,135",9755
2006,Uruguay,2,4,11,6,23
2006,Uzbekistan,69,150,281,376,876
2006,Vanuatu,0,0,0,0,0
2006,Vatican City,0,0,0,0,0
2006,Venezuela,95,87,257,70,509
2006,Vietnam,144,297,898,214,1553
2006,Virgin Islands (British),0,0,0,0,0
2006,Virgin Islands (US),0,0,0,0,0
2006,Wallis and Futuna,0,0,0,0,0
2006,Western Sahara,0,0,0,0,0
2006,Yemen,57,76,120,64,317
2006,Zambia,116,99,253,78,546
2006,Zimbabwe,141,94,265,157,657
2007,Afghanistan,22,18,42,17,99
2007,Albania,56,184,259,70,569
2007,Algeria,84,82,140,92,398
2007,American Samoa,0,0,0,0,0
2007,Andorra,1,0,2,1,4
2007,Angola,78,68,178,94,418
2007,Anguilla (British),0,0,0,0,0
2007,Antigua and Barbuda,3,1,16,2,22
2007,Argentina,42,35,108,42,227
2007,Armenia,16,71,82,18,187
2007,Aruba,0,0,0,0,0
2007,Australia,75,116,577,136,904
2007,Austria,0,0,1,0,1
2007,Azerbaijan,39,250,300,30,619
2007,"Bahamas, The",14,8,68,6,96
2007,Bahrain,51,100,511,73,735
2007,Bangladesh,886,970,"1,526",889,4271
2007,Barbados,12,3,102,21,138
2007,Belarus,33,53,116,38,240
2007,Belgium,0,0,0,1,1
2007,Belize,1,3,11,2,17
2007,Benin,8,6,10,3,27
2007,Bermuda (British),0,0,0,0,0
2007,Bhutan,3,1,13,4,21
2007,Bolivia,29,25,34,27,115
2007,"Bonaire, Sint Eustatius and Saba",0,0,0,0,0
2007,Bosnia and Herzegovina,15,32,67,21,135
2007,Botswana,65,65,254,50,434
2007,Brazil,863,958,"1,301",987,4109
2007,British overseas citizens,0,1,5,4,10
2007,Brunei,33,17,847,128,1025
2007,Bulgaria,0,1,0,0,1
2007,Burkina,2,5,3,1,11
2007,Burma,73,81,175,87,416
2007,Burundi,1,3,4,2,10
2007,Cambodia,5,3,12,22,42
2007,Cameroon,58,83,319,126,586
2007,Canada,75,342,"2,362",230,3009
2007,Cape Verde,8,21,19,3,51
2007,Cayman Islands (British),0,0,1,0,1
2007,Central African Republic,3,2,0,0,5
2007,Chad,3,5,6,1,15
2007,Chile,78,88,234,110,510
2007,China,"1,902","4,749","15,839","2,042",24532
2007,Christmas Island,0,0,0,0,0
2007,Cocos (Keeling) Islands,0,0,0,0,0
2007,Colombia,861,"1,216",968,"1,381",4426
2007,Comoros,0,0,0,1,1
2007,Congo,30,20,15,27,92
2007,Congo (Democratic Republic),12,13,30,10,65
2007,Cook Islands,0,0,0,0,0
2007,Costa Rica,3,5,24,4,36
2007,Croatia,24,20,119,38,201
2007,Cuba,14,9,17,6,46
2007,Curacao,0,0,0,0,0
2007,Cyprus,3,1,10,1,15
2007,Cyprus (Northern part of),0,0,0,0,0
2007,Czech Republic,0,0,0,0,0
2007,Denmark,0,0,0,0,0
2007,Djibouti,2,3,4,2,11
2007,Dominica,4,1,12,3,20
2007,Dominican Republic,6,16,15,3,40
2007,East Timor,0,0,0,0,0
2007,Ecuador,57,61,129,61,308
2007,Egypt,264,228,490,366,1348
2007,El Salvador,0,0,8,3,11
2007,Equatorial Guinea,9,12,10,2,33
2007,Eritrea,3,2,5,2,12
2007,Estonia,0,0,0,0,0
2007,Ethiopia,10,20,91,18,139
2007,Falkland Islands (British),0,0,0,0,0
2007,Faroe Islands,0,0,0,0,0
2007,Fiji,2,3,12,5,22
2007,Finland,0,0,0,0,0
2007,Former Yugoslavia,121,500,449,94,1164
2007,France,0,0,0,0,0
2007,French Guiana,0,0,0,0,0
2007,French Polynesia,0,0,0,0,0
2007,Gabon,16,9,18,4,47
2007,"Gambia, The",100,53,218,107,478
2007,Georgia,38,40,193,74,345
2007,Germany,0,0,0,1,1
2007,Ghana,221,154,645,172,1192
2007,Gibraltar (British),0,0,0,0,0
2007,Greece,0,0,2,0,2
2007,Greenland,0,0,0,0,0
2007,Grenada,9,2,20,2,33
2007,Guadeloupe,0,0,0,0,0
2007,Guam,0,0,0,0,0
2007,Guatemala,4,0,11,4,19
2007,Guinea,9,13,23,15,60
2007,Guinea-Bissau,1,4,8,2,15
2007,Guyana,12,13,50,15,90
2007,Haiti,4,1,5,1,11
2007,Heard Island and McDonald Islands,0,0,0,0,0
2007,Honduras,0,0,14,1,15
2007,Hong Kong,167,371,"4,511",316,5365
2007,Hungary,0,0,0,0,0
2007,Iceland,0,0,0,0,0
2007,India,"4,326","2,285","14,530","3,095",24236
2007,Indonesia,77,100,452,91,720
2007,Iran,374,424,"1,218",514,2530
2007,Iraq,34,43,282,186,545
2007,Ireland,0,0,0,0,0
2007,Israel,49,47,205,71,372
2007,Italy,0,0,1,0,1
2007,Ivory Coast,28,23,59,25,135
2007,Jamaica,24,26,174,22,246
2007,Japan,"1,744","1,601","2,964",824,7133
2007,Jordan,160,189,630,152,1131
2007,Kazakhstan,218,943,"1,656",174,2991
2007,Kenya,88,91,638,128,945
2007,Kiribati,0,0,0,0,0
2007,Korea (North),0,0,3,0,3
2007,Korea (South),"1,956","1,346","2,885","1,170",7357
2007,Kosovo,0,0,0,0,0
2007,Kuwait,196,291,689,182,1358
2007,Kyrgyzstan,41,62,69,51,223
2007,Laos,2,0,1,0,3
2007,Latvia,0,0,0,1,1
2007,Lebanon,32,48,208,39,327
2007,Lesotho,0,0,9,0,9
2007,Liberia,4,0,8,3,15
2007,Libya,980,939,"1,656",705,4280
2007,Liechtenstein,0,0,0,0,0
2007,Lithuania,0,0,1,0,1
2007,Luxembourg,0,0,0,0,0
2007,Macau,3,18,73,9,103
2007,Macedonia,14,98,71,24,207
2007,Madagascar,3,6,9,7,25
2007,Malawi,117,91,386,209,803
2007,Malaysia,521,626,"4,623","1,011",6781
2007,Maldives,4,2,75,7,88
2007,Mali,8,11,10,12,41
2007,Malta,0,0,0,0,0
2007,Marshall Islands,0,0,0,0,0
2007,Martinique,0,0,0,0,0
2007,Mauritania,6,11,10,2,29
2007,Mauritius,179,148,626,131,1084
2007,Mayotte,0,0,0,0,0
2007,Mexico,155,219,"1,057",208,1639
2007,Micronesia,0,0,1,0,1
2007,Moldova,12,9,61,5,87
2007,Monaco,0,0,2,0,2
2007,Mongolia,89,214,281,345,929
2007,Montenegro,0,0,1,0,1
2007,Montserrat (British),0,0,0,0,0
2007,Morocco,60,68,187,49,364
2007,Mozambique,7,3,23,1,34
2007,Namibia,6,0,20,7,33
2007,Nauru,0,0,0,0,0
2007,Nepal,277,257,562,299,1395
2007,Netherlands,0,0,1,0,1
2007,Netherlands Antilles,0,0,0,0,0
2007,New Caledonia,0,0,0,0,0
2007,New Zealand,13,37,128,27,205
2007,Nicaragua,2,1,5,2,10
2007,Niger,7,5,4,2,18
2007,Nigeria,"1,761","1,070","4,480","1,668",8979
2007,Niue,0,0,0,0,0
2007,Norfolk Island,0,0,0,0,0
2007,Northern Mariana Islands,0,0,0,0,0
2007,Norway,0,0,0,0,0
2007,Occupied Palestinian Territories,30,42,89,28,189
2007,Oman,112,452,845,119,1528
2007,Other and unknown,16,65,121,40,242
2007,Pakistan,"3,130","2,317","5,046","1,776",12269
2007,Palau,0,0,0,0,0
2007,Panama,5,5,20,4,34
2007,Papua New Guinea,0,0,3,0,3
2007,Paraguay,2,3,15,5,25
2007,Peru,97,122,159,62,440
2007,Philippines,171,133,363,610,1277
2007,Pitcairn Islands (British),0,0,0,0,0
2007,Poland,0,0,0,0,0
2007,Portugal,0,0,0,0,0
2007,Puerto Rico,0,0,0,0,0
2007,Qatar,121,280,722,133,1256
2007,Refugee,2,1,9,8,20
2007,Reunion,0,0,0,0,0
2007,Romania,0,0,2,0,2
2007,Russia,458,751,"2,271",403,3883
2007,Rwanda,6,9,46,9,70
2007,Samoa,0,0,1,0,1
2007,San Marino,0,0,2,0,2
2007,Sao Tome and Principe,4,1,1,2,8
2007,Saudi Arabia,"1,132","1,382","2,938","1,762",7214
2007,Senegal,33,25,73,33,164
2007,Serbia,0,0,41,1,42
2007,Serbia and Montenegro,0,0,0,0,0
2007,Seychelles,8,10,50,5,73
2007,Sierra Leone,64,27,110,47,248
2007,Singapore,39,47,844,77,1007
2007,Slovakia,0,0,0,0,0
2007,Slovenia,0,0,0,0,0
2007,Solomon Islands,0,0,2,0,2
2007,Somalia,1,1,2,1,5
2007,South Africa,88,74,294,80,536
2007,South Georgia and South Sandwich Islands,0,0,0,0,0
2007,Spain,0,0,0,0,0
2007,Sri Lanka,717,420,"1,409",381,2927
2007,St. Helena (British),0,0,0,0,0
2007,St. Kitts and Nevis,4,0,11,0,15
2007,St. Lucia,17,7,44,7,75
2007,St. Maarten (Dutch Part),0,0,0,0,0
2007,St. Martin (French Part),0,0,0,0,0
2007,St. Pierre and Miquelon,0,0,0,0,0
2007,St. Vincent and the Grenadines,8,2,32,1,43
2007,Stateless,4,2,17,3,26
2007,Sudan,46,57,152,75,330
2007,Sudan (South),0,0,0,0,0
2007,Surinam,0,0,1,2,3
2007,Svalbard and Jan Mayen,0,0,0,0,0
2007,Swaziland,3,1,17,4,25
2007,Sweden,0,0,0,0,0
2007,Switzerland,0,0,0,0,0
2007,Syria,164,145,309,95,713
2007,Taiwan,808,"2,649","3,271",473,7201
2007,Tajikistan,2,10,30,9,51
2007,Tanzania,176,150,470,167,963
2007,Thailand,635,"1,031","1,806",582,4054
2007,Togo,6,5,9,4,24
2007,Tokelau,0,0,0,0,0
2007,Tonga,1,1,4,0,6
2007,Trinidad and Tobago,62,68,301,88,519
2007,Tunisia,20,25,61,30,136
2007,Turkey,"1,264","2,639","3,442",999,8344
2007,Turkmenistan,33,62,79,14,188
2007,Turks and Caicos Islands (British),0,0,1,0,1
2007,Tuvalu,0,0,0,0,0
2007,Uganda,98,65,366,88,617
2007,Ukraine,158,254,454,102,968
2007,United Arab Emirates,188,250,580,237,1255
2007,United States,508,"1,080","8,424","1,841",11853
2007,Uruguay,4,2,15,9,30
2007,Uzbekistan,393,76,223,186,878
2007,Vanuatu,0,0,0,0,0
2007,Vatican City,0,0,0,0,0
2007,Venezuela,172,143,361,141,817
2007,Vietnam,159,447,"1,082",253,1941
2007,Virgin Islands (British),0,0,0,0,0
2007,Virgin Islands (US),0,0,0,0,0
2007,Wallis and Futuna,0,0,0,0,0
2007,Western Sahara,0,0,0,0,0
2007,Yemen,58,67,94,63,282
2007,Zambia,84,80,355,104,623
2007,Zimbabwe,96,79,251,83,509
2008,Afghanistan,23,15,56,13,107
2008,Albania,17,20,161,47,245
2008,Algeria,87,58,124,69,338
2008,American Samoa,0,0,0,0,0
2008,Andorra,0,0,1,0,1
2008,Angola,40,36,117,36,229
2008,Anguilla (British),0,0,0,0,0
2008,Antigua and Barbuda,1,2,25,4,32
2008,Argentina,32,52,91,43,218
2008,Armenia,10,13,57,21,101
2008,Aruba,0,0,0,0,0
2008,Australia,80,62,705,168,1015
2008,Austria,0,0,0,0,0
2008,Azerbaijan,10,25,160,40,235
2008,"Bahamas, The",11,6,43,14,74
2008,Bahrain,66,51,515,72,704
2008,Bangladesh,"1,147",756,"1,492",762,4157
2008,Barbados,9,9,102,14,134
2008,Belarus,37,49,132,28,246
2008,Belgium,0,0,0,0,0
2008,Belize,2,1,11,2,16
2008,Benin,7,1,10,5,23
2008,Bermuda (British),0,0,0,0,0
2008,Bhutan,0,1,11,0,12
2008,Bolivia,14,17,41,18,90
2008,"Bonaire, Sint Eustatius and Saba",0,0,0,0,0
2008,Bosnia and Herzegovina,11,10,46,9,76
2008,Botswana,42,15,265,29,351
2008,Brazil,"1,177","1,142","1,421","1,016",4756
2008,British overseas citizens,3,1,8,3,15
2008,Brunei,28,31,965,67,1091
2008,Bulgaria,1,0,1,0,2
2008,Burkina,2,2,11,5,20
2008,Burma,71,66,128,85,350
2008,Burundi,1,1,4,1,7
2008,Cambodia,5,6,17,9,37
2008,Cameroon,77,46,108,76,307
2008,Canada,124,336,"2,704",299,3463
2008,Cape Verde,2,2,8,0,12
2008,Cayman Islands (British),0,0,1,0,1
2008,Central African Republic,0,1,2,1,4
2008,Chad,2,0,3,0,5
2008,Chile,93,95,228,85,501
2008,China,"2,781","6,171","17,480","2,189",28621
2008,Christmas Island,0,0,0,0,0
2008,Cocos (Keeling) Islands,0,0,0,0,0
2008,Colombia,"1,057","1,313","1,538","1,534",5442
2008,Comoros,0,0,0,0,0
2008,Congo,9,6,20,19,54
2008,Congo (Democratic Republic),6,4,25,10,45
2008,Cook Islands,0,0,0,0,0
2008,Costa Rica,1,1,27,3,32
2008,Croatia,26,15,132,24,197
2008,Cuba,10,12,15,5,42
2008,Curacao,0,0,0,0,0
2008,Cyprus,3,2,15,1,21
2008,Cyprus (Northern part of),0,0,0,0,0
2008,Czech Republic,0,0,0,0,0
2008,Denmark,0,0,0,0,0
2008,Djibouti,0,0,1,2,3
2008,Dominica,3,0,9,6,18
2008,Dominican Republic,3,14,24,11,52
2008,East Timor,0,0,0,2,2
2008,Ecuador,53,73,124,82,332
2008,Egypt,166,129,683,197,1175
2008,El Salvador,3,2,5,1,11
2008,Equatorial Guinea,1,36,1,2,40
2008,Eritrea,0,0,3,0,3
2008,Estonia,0,0,0,0,0
2008,Ethiopia,14,17,75,25,131
2008,Falkland Islands (British),0,0,0,0,0
2008,Faroe Islands,0,0,0,0,0
2008,Fiji,0,3,9,9,21
2008,Finland,0,0,0,0,0
2008,Former Yugoslavia,51,74,175,58,358
2008,France,0,0,0,0,0
2008,French Guiana,0,0,0,0,0
2008,French Polynesia,0,0,0,0,0
2008,Gabon,8,4,5,6,23
2008,"Gambia, The",105,90,238,104,537
2008,Georgia,41,75,213,113,442
2008,Germany,0,0,0,0,0
2008,Ghana,136,117,587,162,1002
2008,Gibraltar (British),0,0,0,0,0
2008,Greece,0,0,0,0,0
2008,Greenland,0,0,0,0,0
2008,Grenada,7,3,23,7,40
2008,Guadeloupe,0,0,0,0,0
2008,Guam,0,0,0,0,0
2008,Guatemala,7,4,12,6,29
2008,Guinea,9,6,20,9,44
2008,Guinea-Bissau,0,3,2,1,6
2008,Guyana,9,5,36,8,58
2008,Haiti,1,1,5,1,8
2008,Heard Island and McDonald Islands,0,0,0,0,0
2008,Honduras,2,1,6,1,10
2008,Hong Kong,167,402,"4,779",303,5651
2008,Hungary,0,0,0,0,0
2008,Iceland,1,0,1,0,2
2008,India,"5,040","2,602","17,641","4,890",30173
2008,Indonesia,51,96,592,137,876
2008,Iran,410,398,"1,350",611,2769
2008,Iraq,174,127,224,243,768
2008,Ireland,0,0,0,0,0
2008,Israel,37,50,198,74,359
2008,Italy,0,0,1,0,1
2008,Ivory Coast,18,18,23,21,80
2008,Jamaica,22,23,102,21,168
2008,Japan,"1,296","1,269","2,691",575,5831
2008,Jordan,120,121,569,164,974
2008,Kazakhstan,70,58,"1,325",219,1672
2008,Kenya,113,81,723,163,1080
2008,Kiribati,0,0,0,0,0
2008,Korea (North),0,0,2,1,3
2008,Korea (South),"1,582","1,186","2,880","1,047",6695
2008,Kosovo,0,0,2,0,2
2008,Kuwait,141,167,964,220,1492
2008,Kyrgyzstan,27,12,84,52,175
2008,Laos,1,2,4,0,7
2008,Latvia,0,0,0,0,0
2008,Lebanon,26,39,212,45,322
2008,Lesotho,4,0,5,2,11
2008,Liberia,2,1,7,2,12
2008,Libya,"1,485","1,939","2,896","1,326",7646
2008,Liechtenstein,0,0,0,0,0
2008,Lithuania,0,0,0,0,0
2008,Luxembourg,0,0,0,0,0
2008,Macau,6,18,97,12,133
2008,Macedonia,13,104,47,16,180
2008,Madagascar,3,4,12,3,22
2008,Malawi,66,30,165,55,316
2008,Malaysia,691,698,"4,747","1,003",7139
2008,Maldives,8,4,81,8,101
2008,Mali,8,5,11,6,30
2008,Malta,0,0,0,0,0
2008,Marshall Islands,0,0,0,0,0
2008,Martinique,0,0,0,0,0
2008,Mauritania,2,2,8,8,20
2008,Mauritius,133,147,550,156,986
2008,Mayotte,0,0,0,0,0
2008,Mexico,189,218,951,213,1571
2008,Micronesia,0,0,0,0,0
2008,Moldova,3,19,58,19,99
2008,Monaco,0,0,4,0,4
2008,Mongolia,50,69,144,66,329
2008,Montenegro,0,0,24,6,30
2008,Montserrat (British),0,0,0,0,0
2008,Morocco,43,31,157,73,304
2008,Mozambique,1,7,22,5,35
2008,Namibia,3,3,19,6,31
2008,Nauru,0,0,0,0,0
2008,Nepal,229,88,279,145,741
2008,Netherlands,0,0,0,0,0
2008,Netherlands Antilles,0,0,0,0,0
2008,New Caledonia,0,0,0,0,0
2008,New Zealand,33,9,162,14,218
2008,Nicaragua,1,2,6,1,10
2008,Niger,0,2,3,3,8
2008,Nigeria,"1,768",764,"5,998","1,826",10356
2008,Niue,0,0,0,0,0
2008,Norfolk Island,0,0,0,0,0
2008,Northern Mariana Islands,0,0,0,0,0
2008,Norway,0,0,1,0,1
2008,Occupied Palestinian Territories,17,35,112,41,205
2008,Oman,156,159,848,158,1321
2008,Other and unknown,28,25,100,26,179
2008,Pakistan,"2,184","1,508","4,702","1,259",9653
2008,Palau,0,0,0,0,0
2008,Panama,6,10,26,12,54
2008,Papua New Guinea,1,0,21,1,23
2008,Paraguay,2,5,8,1,16
2008,Peru,76,93,151,130,450
2008,Philippines,896,"1,524","1,905","1,630",5955
2008,Pitcairn Islands (British),0,0,0,0,0
2008,Poland,0,0,1,0,1
2008,Portugal,0,0,0,0,0
2008,Puerto Rico,0,0,0,0,0
2008,Qatar,112,144,814,204,1274
2008,Refugee,11,2,21,4,38
2008,Reunion,0,0,0,0,0
2008,Romania,0,1,2,0,3
2008,Russia,283,512,"2,624",471,3890
2008,Rwanda,14,8,49,6,77
2008,Samoa,0,0,0,0,0
2008,San Marino,0,1,0,0,1
2008,Sao Tome and Principe,1,4,3,0,8
2008,Saudi Arabia,"3,311","2,959","6,205","3,674",16149
2008,Senegal,21,21,71,27,140
2008,Serbia,3,1,14,9,27
2008,Serbia and Montenegro,0,0,0,0,0
2008,Seychelles,2,4,35,6,47
2008,Sierra Leone,26,19,85,34,164
2008,Singapore,45,65,"1,118",99,1327
2008,Slovakia,0,0,0,0,0
2008,Slovenia,0,0,0,0,0
2008,Solomon Islands,0,2,6,0,8
2008,Somalia,0,1,2,0,3
2008,South Africa,77,86,363,75,601
2008,South Georgia and South Sandwich Islands,0,0,0,0,0
2008,Spain,0,0,0,0,0
2008,Sri Lanka,546,350,"1,900",885,3681
2008,St. Helena (British),0,0,0,0,0
2008,St. Kitts and Nevis,0,0,10,2,12
2008,St. Lucia,8,13,54,5,80
2008,St. Maarten (Dutch Part),0,0,0,0,0
2008,St. Martin (French Part),0,0,0,0,0
2008,St. Pierre and Miquelon,0,0,0,0,0
2008,St. Vincent and the Grenadines,5,4,25,4,38
2008,Stateless,1,3,8,3,15
2008,Sudan,41,23,179,39,282
2008,Sudan (South),0,0,0,0,0
2008,Surinam,0,0,3,2,5
2008,Svalbard and Jan Mayen,0,0,0,0,0
2008,Swaziland,2,2,7,2,13
2008,Sweden,0,0,0,0,0
2008,Switzerland,0,0,0,0,0
2008,Syria,77,95,215,99,486
2008,Taiwan,447,"1,205","2,488",362,4502
2008,Tajikistan,4,10,38,8,60
2008,Tanzania,206,137,480,198,1021
2008,Thailand,642,"1,192","2,095",601,4530
2008,Togo,1,2,8,3,14
2008,Tokelau,0,0,0,0,0
2008,Tonga,0,0,2,1,3
2008,Trinidad and Tobago,54,54,291,34,433
2008,Tunisia,21,11,45,16,93
2008,Turkey,907,788,"2,675","1,192",5562
2008,Turkmenistan,27,33,104,55,219
2008,Turks and Caicos Islands (British),0,0,0,0,0
2008,Tuvalu,0,0,0,0,0
2008,Uganda,82,61,440,102,685
2008,Ukraine,51,75,560,99,785
2008,United Arab Emirates,165,127,653,349,1294
2008,United States,956,"2,161","9,045","2,708",14870
2008,Uruguay,1,11,20,4,36
2008,Uzbekistan,143,113,161,102,519
2008,Vanuatu,0,0,0,0,0
2008,Vatican City,0,0,0,0,0
2008,Venezuela,126,202,397,108,833
2008,Vietnam,193,265,"1,248",244,1950
2008,Virgin Islands (British),0,0,0,0,0
2008,Virgin Islands (US),0,0,0,0,0
2008,Wallis and Futuna,0,0,0,0,0
2008,Western Sahara,0,0,0,0,0
2008,Yemen,67,47,144,87,345
2008,Zambia,90,27,227,85,429
2008,Zimbabwe,64,76,170,49,359
2009,Afghanistan,20,13,96,58,187
2009,Albania,26,11,215,97,349
2009,Algeria,110,25,100,95,330
2009,American Samoa,0,0,0,0,0
2009,Andorra,0,0,2,1,3
2009,Angola,54,22,112,37,225
2009,Anguilla (British),0,0,1,0,1
2009,Antigua and Barbuda,0,0,9,2,11
2009,Argentina,29,9,93,27,158
2009,Armenia,11,4,65,19,99
2009,Aruba,0,0,0,0,0
2009,Australia,76,90,681,195,1042
2009,Austria,0,0,0,0,0
2009,Azerbaijan,35,18,258,56,367
2009,"Bahamas, The",10,0,64,5,79
2009,Bahrain,38,27,472,102,639
2009,Bangladesh,"1,200",979,"8,203","7,782",18164
2009,Barbados,7,5,102,13,127
2009,Belarus,7,17,94,20,138
2009,Belgium,0,0,0,0,0
2009,Belize,2,1,14,1,18
2009,Benin,6,2,12,6,26
2009,Bermuda (British),0,0,0,0,0
2009,Bhutan,5,0,14,11,30
2009,Bolivia,21,8,29,14,72
2009,"Bonaire, Sint Eustatius and Saba",0,0,0,0,0
2009,Bosnia and Herzegovina,19,10,26,18,73
2009,Botswana,26,2,161,23,212
2009,Brazil,909,397,"1,100",700,3106
2009,British overseas citizens,3,0,9,4,16
2009,Brunei,20,12,887,169,1088
2009,Bulgaria,0,0,0,0,0
2009,Burkina,8,1,4,0,13
2009,Burma,90,62,342,165,659
2009,Burundi,1,1,2,5,9
2009,Cambodia,14,3,28,19,64
2009,Cameroon,98,36,238,124,496
2009,Canada,115,107,"2,836",262,3320
2009,Cape Verde,0,0,0,0,0
2009,Cayman Islands (British),0,0,0,0,0
2009,Central African Republic,2,0,1,1,4
2009,Chad,2,0,2,2,6
2009,Chile,42,25,282,69,418
2009,China,"2,102","5,523","27,502","2,693",37820
2009,Christmas Island,0,0,0,0,0
2009,Cocos (Keeling) Islands,0,0,0,0,0
2009,Colombia,"1,311",599,"1,395",872,4177
2009,Comoros,1,1,0,1,3
2009,Congo,9,5,9,6,29
2009,Congo (Democratic Republic),6,7,16,9,38
2009,Cook Islands,0,0,0,0,0
2009,Costa Rica,4,1,25,2,32
2009,Croatia,18,12,98,38,166
2009,Cuba,4,3,7,5,19
2009,Curacao,0,0,0,0,0
2009,Cyprus,1,0,17,5,23
2009,Cyprus (Northern part of),0,0,0,0,0
2009,Czech Republic,0,0,0,0,0
2009,Denmark,0,0,0,0,0
2009,Djibouti,0,0,0,1,1
2009,Dominica,4,1,12,2,19
2009,Dominican Republic,9,3,10,1,23
2009,East Timor,0,0,2,1,3
2009,Ecuador,121,16,120,40,297
2009,Egypt,129,108,517,272,1026
2009,El Salvador,0,1,15,1,17
2009,Equatorial Guinea,1,0,0,0,1
2009,Eritrea,3,0,9,4,16
2009,Estonia,0,0,0,0,0
2009,Ethiopia,6,6,82,18,112
2009,Falkland Islands (British),0,0,0,0,0
2009,Faroe Islands,0,0,0,0,0
2009,Fiji,1,0,11,1,13
2009,Finland,0,0,0,0,0
2009,Former Yugoslavia,37,10,19,2,68
2009,France,0,0,0,1,1
2009,French Guiana,0,0,0,0,0
2009,French Polynesia,0,0,0,0,0
2009,Gabon,8,0,0,2,10
2009,"Gambia, The",110,47,149,59,365
2009,Georgia,100,26,252,50,428
2009,Germany,0,0,0,0,0
2009,Ghana,123,70,576,144,913
2009,Gibraltar (British),0,0,0,0,0
2009,Greece,1,0,0,0,1
2009,Greenland,0,0,0,0,0
2009,Grenada,14,2,13,7,36
2009,Guadeloupe,0,0,0,0,0
2009,Guam,0,0,0,0,0
2009,Guatemala,2,0,10,3,15
2009,Guinea,7,3,14,13,37
2009,Guinea-Bissau,0,0,0,0,0
2009,Guyana,6,4,25,3,38
2009,Haiti,1,0,4,2,7
2009,Heard Island and McDonald Islands,0,0,0,0,0
2009,Honduras,0,0,6,0,6
2009,Hong Kong,173,152,"5,366",341,6032
2009,Hungary,0,0,0,0,0
2009,Iceland,0,0,0,0,0
2009,India,"7,792","3,880","31,381","21,170",64223
2009,Indonesia,55,61,642,115,873
2009,Iran,476,328,"1,128",398,2330
2009,Iraq,198,181,310,167,856
2009,Ireland,0,0,0,0,0
2009,Israel,38,28,189,32,287
2009,Italy,0,0,0,2,2
2009,Ivory Coast,15,7,31,24,77
2009,Jamaica,16,13,92,21,142
2009,Japan,756,"1,013","2,403",418,4590
2009,Jordan,135,97,640,159,1031
2009,Kazakhstan,122,88,"1,584",314,2108
2009,Kenya,147,48,682,121,998
2009,Kiribati,0,0,1,0,1
2009,Korea (North),0,0,3,0,3
2009,Korea (South),"1,056",841,"3,289","1,076",6262
2009,Kosovo,9,13,48,7,77
2009,Kuwait,205,153,805,297,1460
2009,Kyrgyzstan,35,12,103,35,185
2009,Laos,0,0,3,2,5
2009,Latvia,0,0,1,0,1
2009,Lebanon,26,18,190,37,271
2009,Lesotho,1,0,12,0,13
2009,Liberia,4,2,2,1,9
2009,Libya,"1,390",460,"1,534","1,810",5194
2009,Liechtenstein,0,0,0,0,0
2009,Lithuania,0,0,0,0,0
2009,Luxembourg,0,0,0,0,0
2009,Macau,8,8,104,10,130
2009,Macedonia,88,4,49,16,157
2009,Madagascar,3,1,7,2,13
2009,Malawi,56,16,121,39,232
2009,Malaysia,462,477,"5,444",658,7041
2009,Maldives,6,0,45,12,63
2009,Mali,5,5,8,6,24
2009,Malta,0,0,0,0,0
2009,Marshall Islands,0,0,0,0,0
2009,Martinique,0,0,0,0,0
2009,Mauritania,3,2,2,4,11
2009,Mauritius,111,79,611,84,885
2009,Mayotte,0,0,0,0,0
2009,Mexico,198,55,733,150,1136
2009,Micronesia,0,0,0,0,0
2009,Moldova,5,11,74,7,97
2009,Monaco,1,0,0,1,2
2009,Mongolia,99,37,147,66,349
2009,Montenegro,6,0,35,8,49
2009,Montserrat (British),0,0,0,0,0
2009,Morocco,66,24,240,101,431
2009,Mozambique,1,3,24,3,31
2009,Namibia,6,1,26,6,39
2009,Nauru,0,0,0,0,0
2009,Nepal,210,288,"6,366","5,522",12386
2009,Netherlands,0,0,0,0,0
2009,Netherlands Antilles,0,0,0,0,0
2009,New Caledonia,0,0,0,0,0
2009,New Zealand,18,21,140,16,195
2009,Nicaragua,2,0,4,0,6
2009,Niger,3,1,3,0,7
2009,Nigeria,"1,683",667,"7,638","2,249",12237
2009,Niue,1,0,0,0,1
2009,Norfolk Island,0,0,0,0,0
2009,Northern Mariana Islands,0,0,0,0,0
2009,Norway,0,0,0,0,0
2009,Occupied Palestinian Territories,39,17,141,41,238
2009,Oman,186,64,666,199,1115
2009,Other and unknown,11,3,32,14,60
2009,Pakistan,"1,485","1,546","4,927","5,789",13747
2009,Palau,0,0,0,0,0
2009,Panama,3,5,16,3,27
2009,Papua New Guinea,0,0,10,1,11
2009,Paraguay,2,0,4,0,6
2009,Peru,59,41,133,52,285
2009,Philippines,"1,376","1,777","3,515","1,512",8180
2009,Pitcairn Islands (British),0,0,0,0,0
2009,Poland,0,0,0,0,0
2009,Portugal,0,0,0,0,0
2009,Puerto Rico,0,0,0,0,0
2009,Qatar,152,75,595,260,1082
2009,Refugee,6,1,10,2,19
2009,Reunion,0,0,0,0,0
2009,Romania,0,0,0,0,0
2009,Russia,184,202,"2,355",457,3198
2009,Rwanda,5,1,40,10,56
2009,Samoa,0,0,0,0,0
2009,San Marino,0,0,0,1,1
2009,Sao Tome and Principe,1,1,0,0,2
2009,Saudi Arabia,"5,579","2,103","6,421","3,759",17862
2009,Senegal,22,11,54,33,120
2009,Serbia,25,9,170,47,251
2009,Serbia and Montenegro,0,0,0,0,0
2009,Seychelles,4,0,57,1,62
2009,Sierra Leone,22,13,73,38,146
2009,Singapore,30,40,"1,347",115,1532
2009,Slovakia,0,0,0,0,0
2009,Slovenia,0,0,0,0,0
2009,Solomon Islands,0,0,1,1,2
2009,Somalia,1,0,1,1,3
2009,South Africa,70,31,322,95,518
2009,South Georgia and South Sandwich Islands,0,0,0,0,0
2009,Spain,0,0,0,0,0
2009,Sri Lanka,884,647,"2,809","1,972",6312
2009,St. Helena (British),0,0,0,0,0
2009,St. Kitts and Nevis,0,2,8,1,11
2009,St. Lucia,10,1,46,11,68
2009,St. Maarten (Dutch Part),0,0,0,0,0
2009,St. Martin (French Part),0,0,0,0,0
2009,St. Pierre and Miquelon,0,0,0,0,0
2009,St. Vincent and the Grenadines,2,3,41,2,48
2009,Stateless,2,5,13,4,24
2009,Sudan,38,31,195,64,328
2009,Sudan (South),0,0,0,0,0
2009,Surinam,1,0,0,0,1
2009,Svalbard and Jan Mayen,0,0,0,0,0
2009,Swaziland,0,0,13,0,13
2009,Sweden,0,0,0,0,0
2009,Switzerland,0,0,0,0,0
2009,Syria,88,41,294,124,547
2009,Taiwan,323,957,"2,482",146,3908
2009,Tajikistan,4,1,34,5,44
2009,Tanzania,97,43,379,121,640
2009,Thailand,637,651,"2,939",564,4791
2009,Togo,4,1,6,1,12
2009,Tokelau,0,0,0,0,0
2009,Tonga,0,0,4,0,4
2009,Trinidad and Tobago,46,19,296,31,392
2009,Tunisia,23,1,56,14,94
2009,Turkey,"1,234",541,"2,564","1,659",5998
2009,Turkmenistan,55,26,173,104,358
2009,Turks and Caicos Islands (British),0,0,0,0,0
2009,Tuvalu,0,0,0,0,0
2009,Uganda,84,13,307,84,488
2009,Ukraine,48,67,674,81,870
2009,United Arab Emirates,234,60,501,353,1148
2009,United States,"1,180","1,676","9,709","2,726",15291
2009,Uruguay,5,2,13,5,25
2009,Uzbekistan,53,38,94,53,238
2009,Vanuatu,0,0,0,0,0
2009,Vatican City,0,0,0,0,0
2009,Venezuela,148,46,182,84,460
2009,Vietnam,175,176,"1,391",362,2104
2009,Virgin Islands (British),0,0,0,0,0
2009,Virgin Islands (US),0,0,0,0,0
2009,Wallis and Futuna,0,0,0,0,0
2009,Western Sahara,0,0,0,0,0
2009,Yemen,57,13,111,48,229
2009,Zambia,59,7,162,44,272
2009,Zimbabwe,28,24,174,33,259
2010,Afghanistan,73,65,149,85,372
2010,Albania,46,26,210,81,363
2010,Algeria,72,41,119,117,349
2010,American Samoa,0,0,0,0,0
2010,Andorra,0,0,2,0,2
2010,Angola,55,17,126,38,236
2010,Anguilla (British),0,0,0,0,0
2010,Antigua and Barbuda,2,0,10,1,13
2010,Argentina,28,14,80,27,149
2010,Armenia,11,4,81,16,112
2010,Aruba,0,0,0,0,0
2010,Australia,89,77,732,174,1072
2010,Austria,0,0,1,0,1
2010,Azerbaijan,32,20,280,114,446
2010,"Bahamas, The",5,0,40,8,53
2010,Bahrain,96,31,497,91,715
2010,Bangladesh,"5,226",753,"1,765","2,396",10140
2010,Barbados,9,7,88,10,114
2010,Belarus,13,8,98,20,139
2010,Belgium,0,0,0,0,0
2010,Belize,1,0,10,3,14
2010,Benin,2,1,19,2,24
2010,Bermuda (British),0,0,0,0,0
2010,Bhutan,4,0,15,3,22
2010,Bolivia,11,7,21,6,45
2010,"Bonaire, Sint Eustatius and Saba",0,0,0,0,0
2010,Bosnia and Herzegovina,9,11,33,10,63
2010,Botswana,21,10,191,16,238
2010,Brazil,643,502,864,333,2342
2010,British overseas citizens,1,0,10,4,15
2010,Brunei,35,22,924,128,1109
2010,Bulgaria,0,0,0,0,0
2010,Burkina,4,0,4,1,9
2010,Burma,69,40,111,52,272
2010,Burundi,2,0,3,0,5
2010,Cambodia,7,6,15,14,42
2010,Cameroon,132,111,280,157,680
2010,Canada,137,170,"3,046",271,3624
2010,Cape Verde,0,0,2,0,2
2010,Cayman Islands (British),0,0,0,0,0
2010,Central African Republic,0,0,0,0,0
2010,Chad,1,0,0,1,2
2010,Chile,55,62,299,58,474
2010,China,"2,331","7,169","32,468","2,756",44724
2010,Christmas Island,0,0,0,0,0
2010,Cocos (Keeling) Islands,0,0,0,0,0
2010,Colombia,962,732,940,965,3599
2010,Comoros,2,0,0,2,4
2010,Congo,4,2,5,4,15
2010,Congo (Democratic Republic),8,5,11,2,26
2010,Cook Islands,0,0,0,0,0
2010,Costa Rica,3,1,16,5,25
2010,Croatia,13,11,115,19,158
2010,Cuba,2,0,5,2,9
2010,Curacao,0,0,0,0,0
2010,Cyprus,1,1,9,2,13
2010,Cyprus (Northern part of),0,0,0,0,0
2010,Czech Republic,0,0,0,0,0
2010,Denmark,0,0,0,0,0
2010,Djibouti,0,0,3,1,4
2010,Dominica,2,1,12,2,17
2010,Dominican Republic,5,3,12,3,23
2010,East Timor,0,1,1,1,3
2010,Ecuador,37,19,76,17,149
2010,Egypt,143,105,452,158,858
2010,El Salvador,0,3,9,4,16
2010,Equatorial Guinea,9,0,1,3,13
2010,Eritrea,0,1,4,3,8
2010,Estonia,0,0,0,0,0
2010,Ethiopia,12,10,50,23,95
2010,Falkland Islands (British),0,0,0,0,0
2010,Faroe Islands,0,0,0,0,0
2010,Fiji,0,1,8,2,11
2010,Finland,0,0,0,0,0
2010,Former Yugoslavia,3,1,1,0,5
2010,France,0,0,0,0,0
2010,French Guiana,0,0,0,0,0
2010,French Polynesia,0,0,0,0,0
2010,Gabon,0,0,3,2,5
2010,"Gambia, The",48,29,104,30,211
2010,Georgia,39,13,176,60,288
2010,Germany,1,0,0,0,1
2010,Ghana,105,84,603,173,965
2010,Gibraltar (British),0,0,0,0,0
2010,Greece,0,0,0,0,0
2010,Greenland,0,0,0,0,0
2010,Grenada,4,2,14,3,23
2010,Guadeloupe,0,0,0,0,0
2010,Guam,0,0,0,0,0
2010,Guatemala,1,1,16,5,23
2010,Guinea,10,10,17,9,46
2010,Guinea-Bissau,0,0,1,0,1
2010,Guyana,3,1,22,8,34
2010,Haiti,0,1,1,2,4
2010,Heard Island and McDonald Islands,0,0,0,0,0
2010,Honduras,4,1,10,0,15
2010,Hong Kong,166,659,"6,028",372,7225
2010,Hungary,0,0,0,0,0
2010,Iceland,0,0,0,0,0
2010,India,"10,838","4,849","23,465","10,254",49406
2010,Indonesia,84,87,799,144,1114
2010,Iran,488,403,"1,485",598,2974
2010,Iraq,101,78,253,167,599
2010,Ireland,0,0,0,0,0
2010,Israel,19,21,160,45,245
2010,Italy,0,0,1,0,1
2010,Ivory Coast,6,2,18,7,33
2010,Jamaica,11,6,90,11,118
2010,Japan,899,729,"2,026",308,3962
2010,Jordan,108,54,566,170,898
2010,Kazakhstan,173,90,"1,753",212,2228
2010,Kenya,80,42,688,127,937
2010,Kiribati,0,0,0,0,0
2010,Korea (North),0,0,2,0,2
2010,Korea (South),"1,688",971,"3,376","1,001",7036
2010,Kosovo,8,3,44,8,63
2010,Kuwait,208,93,797,392,1490
2010,Kyrgyzstan,13,8,45,18,84
2010,Laos,1,0,0,0,1
2010,Latvia,0,0,0,0,0
2010,Lebanon,41,16,279,37,373
2010,Lesotho,5,0,10,2,17
2010,Liberia,2,1,15,5,23
2010,Libya,"1,311","1,000","2,052","1,183",5546
2010,Liechtenstein,0,0,0,0,0
2010,Lithuania,0,0,0,0,0
2010,Luxembourg,0,0,0,0,0
2010,Macau,6,17,130,12,165
2010,Macedonia,25,5,41,9,80
2010,Madagascar,5,2,8,3,18
2010,Malawi,21,13,124,42,200
2010,Malaysia,417,316,"5,354",851,6938
2010,Maldives,0,0,75,13,88
2010,Mali,6,2,10,4,22
2010,Malta,0,0,0,0,0
2010,Marshall Islands,0,0,0,0,0
2010,Martinique,0,0,0,0,0
2010,Mauritania,2,0,1,6,9
2010,Mauritius,92,72,560,79,803
2010,Mayotte,0,0,0,0,0
2010,Mexico,130,91,756,181,1158
2010,Micronesia,0,0,0,0,0
2010,Moldova,4,1,56,3,64
2010,Monaco,0,0,2,1,3
2010,Mongolia,64,17,51,32,164
2010,Montenegro,4,5,30,9,48
2010,Montserrat (British),0,0,0,0,0
2010,Morocco,88,51,227,128,494
2010,Mozambique,4,7,21,7,39
2010,Namibia,3,0,33,4,40
2010,Nauru,0,0,0,0,0
2010,Nepal,"1,115",538,879,844,3376
2010,Netherlands,0,0,0,0,0
2010,Netherlands Antilles,0,0,0,0,0
2010,New Caledonia,0,0,0,0,0
2010,New Zealand,23,16,153,21,213
2010,Nicaragua,2,1,4,1,8
2010,Niger,1,1,3,1,6
2010,Nigeria,"2,013",868,"6,589","2,786",12256
2010,Niue,0,0,0,0,0
2010,Norfolk Island,0,0,0,0,0
2010,Northern Mariana Islands,0,0,0,0,0
2010,Norway,0,0,0,0,0
2010,Occupied Palestinian Territories,29,10,148,49,236
2010,Oman,95,80,625,143,943
2010,Other and unknown,3,5,36,9,53
2010,Pakistan,"5,435","3,711","10,765","6,579",26490
2010,Palau,0,0,0,0,0
2010,Panama,1,4,14,3,22
2010,Papua New Guinea,1,1,9,2,13
2010,Paraguay,0,1,3,0,4
2010,Peru,43,31,116,31,221
2010,Philippines,"1,229",747,"1,669",626,4271
2010,Pitcairn Islands (British),0,0,0,0,0
2010,Poland,0,0,0,1,1
2010,Portugal,0,0,1,0,1
2010,Puerto Rico,0,0,0,0,0
2010,Qatar,123,55,760,248,1186
2010,Refugee,4,0,9,0,13
2010,Reunion,0,0,0,0,0
2010,Romania,0,0,1,0,1
2010,Russia,169,164,"2,341",547,3221
2010,Rwanda,16,1,25,17,59
2010,Samoa,0,0,0,1,1
2010,San Marino,0,0,2,0,2
2010,Sao Tome and Principe,0,0,0,0,0
2010,Saudi Arabia,"3,114","1,697","6,638","3,111",14560
2010,Senegal,36,29,27,23,115
2010,Serbia,24,12,167,38,241
2010,Serbia and Montenegro,0,0,0,0,0
2010,Seychelles,3,1,50,4,58
2010,Sierra Leone,20,10,75,20,125
2010,Singapore,41,40,"1,664",154,1899
2010,Slovakia,0,0,0,0,0
2010,Slovenia,0,0,0,0,0
2010,Solomon Islands,0,0,0,1,1
2010,Somalia,1,0,3,4,8
2010,South Africa,76,46,337,72,531
2010,South Georgia and South Sandwich Islands,0,0,0,0,0
2010,Spain,0,0,0,0,0
2010,Sri Lanka,"2,360","1,883","3,226","1,985",9454
2010,St. Helena (British),0,0,0,0,0
2010,St. Kitts and Nevis,1,0,9,2,12
2010,St. Lucia,7,3,30,7,47
2010,St. Maarten (Dutch Part),0,0,0,0,0
2010,St. Martin (French Part),0,0,0,0,0
2010,St. Pierre and Miquelon,0,0,0,0,0
2010,St. Vincent and the Grenadines,4,1,28,8,41
2010,Stateless,1,2,9,3,15
2010,Sudan,28,24,161,47,260
2010,Sudan (South),0,0,0,0,0
2010,Surinam,0,0,1,0,1
2010,Svalbard and Jan Mayen,0,0,0,0,0
2010,Swaziland,1,2,7,3,13
2010,Sweden,0,0,0,0,0
2010,Switzerland,0,0,0,0,0
2010,Syria,58,45,271,110,484
2010,Taiwan,286,938,"2,180",212,3616
2010,Tajikistan,2,11,24,8,45
2010,Tanzania,74,56,271,102,503
2010,Thailand,584,"1,297","2,652",622,5155
2010,Togo,3,3,7,3,16
2010,Tokelau,0,0,0,0,0
2010,Tonga,3,0,1,0,4
2010,Trinidad and Tobago,22,26,276,47,371
2010,Tunisia,14,4,25,16,59
2010,Turkey,"1,101",485,"2,202",578,4366
2010,Turkmenistan,51,48,72,53,224
2010,Turks and Caicos Islands (British),0,0,0,0,0
2010,Tuvalu,0,0,0,0,0
2010,Uganda,38,35,294,55,422
2010,Ukraine,57,38,635,138,868
2010,United Arab Emirates,185,94,589,219,1087
2010,United States,824,"2,005","9,815","2,341",14985
2010,Uruguay,4,3,16,1,24
2010,Uzbekistan,42,26,70,26,164
2010,Vanuatu,0,0,0,1,1
2010,Vatican City,0,0,0,0,0
2010,Venezuela,62,49,168,52,331
2010,Vietnam,273,212,"1,785",487,2757
2010,Virgin Islands (British),0,0,0,0,0
2010,Virgin Islands (US),0,0,0,0,0
2010,Wallis and Futuna,0,0,0,0,0
2010,Western Sahara,0,0,0,0,0
2010,Yemen,40,16,108,26,190
2010,Zambia,29,21,155,48,253
2010,Zimbabwe,29,16,189,50,284
2011,Afghanistan,137,88,135,47,407
2011,Albania,48,25,171,47,291
2011,Algeria,121,84,61,45,311
2011,American Samoa,0,0,0,0,0
2011,Andorra,0,0,1,0,1
2011,Angola,40,23,58,50,171
2011,Anguilla (British),0,0,0,0,0
2011,Antigua and Barbuda,2,1,7,0,10
2011,Argentina,12,12,41,10,75
2011,Armenia,8,6,78,22,114
2011,Aruba,0,0,0,0,0
2011,Australia,79,96,750,223,1148
2011,Austria,0,0,0,0,0
2011,Azerbaijan,28,17,385,76,506
2011,"Bahamas, The",8,3,41,4,56
2011,Bahrain,45,20,524,54,643
2011,Bangladesh,"3,093","1,355","1,426",576,6450
2011,Barbados,3,4,92,5,104
2011,Belarus,12,10,104,18,144
2011,Belgium,0,0,0,0,0
2011,Belize,1,0,19,0,20
2011,Benin,7,2,6,3,18
2011,Bermuda (British),0,0,2,0,2
2011,Bhutan,5,5,13,3,26
2011,Bolivia,4,9,16,4,33
2011,"Bonaire, Sint Eustatius and Saba",0,0,0,0,0
2011,Bosnia and Herzegovina,5,4,27,6,42
2011,Botswana,22,9,180,17,228
2011,Brazil,448,357,564,96,1465
2011,British overseas citizens,1,0,9,1,11
2011,Brunei,34,19,983,176,1212
2011,Bulgaria,0,0,0,0,0
2011,Burkina,3,0,3,3,9
2011,Burma,45,22,124,20,211
2011,Burundi,4,1,2,1,8
2011,Cambodia,12,3,20,2,37
2011,Cameroon,296,137,190,160,783
2011,Canada,87,180,"2,964",219,3450
2011,Cape Verde,1,0,1,0,2
2011,Cayman Islands (British),0,0,0,0,0
2011,Central African Republic,0,0,0,0,0
2011,Chad,1,0,1,0,2
2011,Chile,48,47,384,74,553
2011,China,"2,672","12,369","35,182","2,265",52488
2011,Christmas Island,0,0,0,0,0
2011,Cocos (Keeling) Islands,0,0,0,0,0
2011,Colombia,917,565,472,125,2079
2011,Comoros,1,0,0,0,1
2011,Congo,6,3,4,2,15
2011,Congo (Democratic Republic),4,1,12,2,19
2011,Cook Islands,0,0,0,0,0
2011,Costa Rica,3,3,32,3,41
2011,Croatia,16,8,94,20,138
2011,Cuba,0,0,2,3,5
2011,Curacao,0,0,0,0,0
2011,Cyprus,2,0,5,2,9
2011,Cyprus (Northern part of),0,0,0,0,0
2011,Czech Republic,0,0,0,0,0
2011,Denmark,0,0,0,0,0
2011,Djibouti,2,0,0,2,4
2011,Dominica,2,1,14,1,18
2011,Dominican Republic,1,1,14,5,21
2011,East Timor,0,0,5,3,8
2011,Ecuador,22,6,57,13,98
2011,Egypt,114,89,478,127,808
2011,El Salvador,1,2,12,0,15
2011,Equatorial Guinea,1,10,2,0,13
2011,Eritrea,0,0,7,2,9
2011,Estonia,0,0,0,0,0
2011,Ethiopia,18,14,58,20,110
2011,Falkland Islands (British),0,0,0,0,0
2011,Faroe Islands,0,0,0,0,0
2011,Fiji,0,0,5,1,6
2011,Finland,0,0,0,0,0
2011,Former Yugoslavia,1,0,1,0,2
2011,France,0,0,0,0,0
2011,French Guiana,0,0,0,0,0
2011,French Polynesia,0,0,0,0,0
2011,Gabon,1,0,2,1,4
2011,"Gambia, The",43,11,50,9,113
2011,Georgia,43,6,181,23,253
2011,Germany,0,0,0,0,0
2011,Ghana,153,72,680,170,1075
2011,Gibraltar (British),0,0,0,0,0
2011,Greece,0,0,0,0,0
2011,Greenland,0,0,0,0,0
2011,Grenada,1,1,23,0,25
2011,Guadeloupe,0,0,0,0,0
2011,Guam,0,0,0,0,0
2011,Guatemala,3,1,8,9,21
2011,Guinea,17,13,3,4,37
2011,Guinea-Bissau,0,0,0,0,0
2011,Guyana,2,1,23,3,29
2011,Haiti,0,0,2,0,2
2011,Heard Island and McDonald Islands,0,0,0,0,0
2011,Honduras,0,1,10,0,11
2011,Hong Kong,198,654,"6,362",362,7576
2011,Hungary,0,0,0,0,0
2011,Iceland,0,0,0,0,0
2011,India,"12,790","4,709","14,432","2,946",34877
2011,Indonesia,81,75,878,132,1166
2011,Iran,627,562,"1,167",385,2741
2011,Iraq,726,337,497,440,2000
2011,Ireland,0,0,1,0,1
2011,Israel,11,26,132,24,193
2011,Italy,1,0,0,0,1
2011,Ivory Coast,9,1,16,9,35
2011,Jamaica,6,2,66,9,83
2011,Japan,814,626,"1,967",185,3592
2011,Jordan,110,48,602,161,921
2011,Kazakhstan,134,81,"1,444",151,1810
2011,Kenya,95,39,653,112,899
2011,Kiribati,0,0,0,0,0
2011,Korea (North),0,0,0,0,0
2011,Korea (South),"1,250",870,"2,913",341,5374
2011,Kosovo,4,5,44,8,61
2011,Kuwait,240,99,857,152,1348
2011,Kyrgyzstan,20,16,43,9,88
2011,Laos,1,2,5,5,13
2011,Latvia,0,0,0,0,0
2011,Lebanon,36,18,280,52,386
2011,Lesotho,0,0,4,1,5
2011,Liberia,3,2,25,2,32
2011,Libya,609,66,68,67,810
2011,Liechtenstein,0,0,0,0,0
2011,Lithuania,0,0,0,0,0
2011,Luxembourg,0,0,0,0,0
2011,Macau,8,7,155,8,178
2011,Macedonia,9,0,44,9,62
2011,Madagascar,1,0,2,2,5
2011,Malawi,23,12,113,28,176
2011,Malaysia,402,386,"5,938",694,7420
2011,Maldives,7,1,64,13,85
2011,Mali,2,4,3,2,11
2011,Malta,0,0,0,0,0
2011,Marshall Islands,0,0,0,0,0
2011,Martinique,0,0,0,0,0
2011,Mauritania,0,0,5,4,9
2011,Mauritius,53,41,478,30,602
2011,Mayotte,0,0,0,0,0
2011,Mexico,134,82,796,109,1121
2011,Micronesia,0,0,0,0,0
2011,Moldova,4,2,50,8,64
2011,Monaco,1,0,5,1,7
2011,Mongolia,36,26,47,25,134
2011,Montenegro,2,5,41,6,54
2011,Montserrat (British),0,0,0,0,0
2011,Morocco,116,45,189,74,424
2011,Mozambique,2,5,14,2,23
2011,Namibia,5,7,32,2,46
2011,Nauru,0,0,0,0,0
2011,Nepal,"1,492",752,474,123,2841
2011,Netherlands,0,0,0,0,0
2011,Netherlands Antilles,0,0,0,0,0
2011,New Caledonia,0,0,0,0,0
2011,New Zealand,21,26,172,27,246
2011,Nicaragua,1,1,8,0,10
2011,Niger,0,1,2,1,4
2011,Nigeria,"2,657",973,"6,245","2,228",12103
2011,Niue,0,0,0,0,0
2011,Norfolk Island,0,0,0,0,0
2011,Northern Mariana Islands,0,0,0,0,0
2011,Norway,0,0,0,0,0
2011,Occupied Palestinian Territories,36,27,146,34,243
2011,Oman,136,90,468,39,733
2011,Other and unknown,13,5,34,3,55
2011,Pakistan,"15,491","9,875","6,458","3,835",35659
2011,Palau,0,0,0,0,0
2011,Panama,1,1,12,1,15
2011,Papua New Guinea,0,0,5,3,8
2011,Paraguay,2,3,7,0,12
2011,Peru,25,18,112,16,171
2011,Philippines,712,446,367,115,1640
2011,Pitcairn Islands (British),0,0,0,0,0
2011,Poland,0,0,1,0,1
2011,Portugal,0,0,0,0,0
2011,Puerto Rico,0,0,0,0,0
2011,Qatar,270,55,870,172,1367
2011,Refugee,0,0,3,4,7
2011,Reunion,0,0,0,0,0
2011,Romania,0,0,0,0,0
2011,Russia,265,217,"3,015",257,3754
2011,Rwanda,5,2,26,25,58
2011,Samoa,0,0,1,0,1
2011,San Marino,1,0,1,0,2
2011,Sao Tome and Principe,0,0,0,0,0
2011,Saudi Arabia,"2,913","1,272","4,176","1,724",10085
2011,Senegal,26,10,12,14,62
2011,Serbia,20,8,164,26,218
2011,Serbia and Montenegro,0,0,0,0,0
2011,Seychelles,2,6,33,0,41
2011,Sierra Leone,19,6,52,4,81
2011,Singapore,105,91,"2,064",161,2421
2011,Slovakia,0,0,0,0,0
2011,Slovenia,0,0,0,0,0
2011,Solomon Islands,0,0,1,0,1
2011,Somalia,0,1,1,2,4
2011,South Africa,71,21,322,56,470
2011,South Georgia and South Sandwich Islands,0,0,0,0,0
2011,Spain,0,0,0,0,0
2011,Sri Lanka,"2,039","1,121","1,384",381,4925
2011,St. Helena (British),0,0,0,0,0
2011,St. Kitts and Nevis,0,0,14,3,17
2011,St. Lucia,4,2,20,4,30
2011,St. Maarten (Dutch Part),0,0,0,0,0
2011,St. Martin (French Part),0,0,0,0,0
2011,St. Pierre and Miquelon,0,0,0,0,0
2011,St. Vincent and the Grenadines,7,0,18,3,28
2011,Stateless,4,0,5,0,9
2011,Sudan,28,17,160,48,253
2011,Sudan (South),0,0,0,0,0
2011,Surinam,0,0,0,0,0
2011,Svalbard and Jan Mayen,0,0,0,0,0
2011,Swaziland,1,0,6,2,9
2011,Sweden,0,0,0,0,0
2011,Switzerland,0,0,0,0,0
2011,Syria,88,55,265,72,480
2011,Taiwan,221,930,"2,087",150,3388
2011,Tajikistan,6,3,24,0,33
2011,Tanzania,68,27,272,87,454
2011,Thailand,584,"1,395","2,586",340,4905
2011,Togo,1,0,5,2,8
2011,Tokelau,0,0,0,0,0
2011,Tonga,0,0,6,0,6
2011,Trinidad and Tobago,27,9,308,21,365
2011,Tunisia,11,4,38,3,56
2011,Turkey,783,316,"1,782",237,3118
2011,Turkmenistan,47,20,31,12,110
2011,Turks and Caicos Islands (British),0,0,0,0,0
2011,Tuvalu,0,0,0,0,0
2011,Uganda,42,27,251,68,388
2011,Ukraine,80,94,751,79,1004
2011,United Arab Emirates,292,129,452,118,991
2011,United States,784,"1,824","9,934","1,938",14480
2011,Uruguay,2,3,20,1,26
2011,Uzbekistan,22,27,64,15,128
2011,Vanuatu,0,0,1,0,1
2011,Vatican City,0,0,0,0,0
2011,Venezuela,45,23,98,29,195
2011,Vietnam,276,254,"2,173",369,3072
2011,Virgin Islands (British),0,0,0,0,0
2011,Virgin Islands (US),0,0,0,0,0
2011,Wallis and Futuna,0,0,0,0,0
2011,Western Sahara,0,0,0,0,0
2011,Yemen,23,12,62,13,110
2011,Zambia,31,16,158,39,244
2011,Zimbabwe,30,25,178,38,271
2012,Afghanistan,43,45,102,28,218
2012,Albania,40,19,156,42,257
2012,Algeria,46,27,84,27,184
2012,American Samoa,0,0,0,0,0
2012,Andorra,0,0,0,2,2
2012,Angola,25,12,60,59,156
2012,Anguilla (British),0,0,0,0,0
2012,Antigua and Barbuda,1,1,10,0,12
2012,Argentina,2,10,60,16,88
2012,Armenia,7,11,129,26,173
2012,Aruba,0,0,0,0,0
2012,Australia,52,117,754,176,1099
2012,Austria,0,0,0,0,0
2012,Azerbaijan,32,15,385,105,537
2012,"Bahamas, The",2,4,47,8,61
2012,Bahrain,48,38,579,76,741
2012,Bangladesh,640,375,"1,464",569,3048
2012,Barbados,5,8,73,23,109
2012,Belarus,13,8,136,15,172
2012,Belgium,0,0,0,0,0
2012,Belize,1,1,12,2,16
2012,Benin,2,2,4,3,11
2012,Bermuda (British),0,0,0,0,0
2012,Bhutan,0,0,9,3,12
2012,Bolivia,2,1,18,3,24
2012,"Bonaire, Sint Eustatius and Saba",0,0,0,0,0
2012,Bosnia and Herzegovina,3,0,23,3,29
2012,Botswana,16,6,227,22,271
2012,Brazil,76,90,"1,109",388,1663
2012,British overseas citizens,2,0,6,1,9
2012,Brunei,45,6,802,208,1061
2012,Bulgaria,0,0,0,0,0
2012,Burkina,0,0,2,2,4
2012,Burma,26,13,116,37,192
2012,Burundi,0,2,4,2,8
2012,Cambodia,5,9,28,1,43
2012,Cameroon,122,63,178,103,466
2012,Canada,81,159,"3,011",208,3459
2012,Cape Verde,0,0,0,0,0
2012,Cayman Islands (British),0,0,0,0,0
2012,Central African Republic,0,0,1,0,1
2012,Chad,0,0,0,1,1
2012,Chile,34,65,314,53,466
2012,China,"2,347","16,204","36,552","2,233",57336
2012,Christmas Island,0,0,0,0,0
2012,Cocos (Keeling) Islands,0,0,0,0,0
2012,Colombia,92,125,505,154,876
2012,Comoros,1,0,1,0,2
2012,Congo,4,0,5,3,12
2012,Congo (Democratic Republic),2,1,10,6,19
2012,Cook Islands,0,0,0,0,0
2012,Costa Rica,2,0,30,2,34
2012,Croatia,4,10,91,8,113
2012,Cuba,0,2,3,2,7
2012,Curacao,0,0,0,0,0
2012,Cyprus,0,0,1,0,1
2012,Cyprus (Northern part of),0,0,0,0,0
2012,Czech Republic,0,0,0,0,0
2012,Denmark,0,0,0,0,0
2012,Djibouti,1,0,0,2,3
2012,Dominica,2,0,3,0,5
2012,Dominican Republic,0,1,6,1,8
2012,East Timor,1,0,2,0,3
2012,Ecuador,5,8,87,17,117
2012,Egypt,138,59,536,130,863
2012,El Salvador,0,1,7,1,9
2012,Equatorial Guinea,11,2,2,0,15
2012,Eritrea,2,1,3,0,6
2012,Estonia,0,0,0,0,0
2012,Ethiopia,13,14,52,36,115
2012,Falkland Islands (British),0,0,0,0,0
2012,Faroe Islands,0,0,0,0,0
2012,Fiji,0,2,4,0,6
2012,Finland,0,0,0,0,0
2012,Former Yugoslavia,0,0,0,0,0
2012,France,0,0,0,0,0
2012,French Guiana,0,0,0,0,0
2012,French Polynesia,0,0,0,0,0
2012,Gabon,1,0,7,3,11
2012,"Gambia, The",13,6,59,26,104
2012,Georgia,25,9,141,24,199
2012,Germany,0,0,0,0,0
2012,Ghana,157,46,653,277,1133
2012,Gibraltar (British),0,0,0,0,0
2012,Greece,0,0,0,0,0
2012,Greenland,0,0,0,0,0
2012,Grenada,7,3,14,0,24
2012,Guadeloupe,0,0,0,0,0
2012,Guam,0,0,0,0,0
2012,Guatemala,0,0,8,2,10
2012,Guinea,4,0,4,3,11
2012,Guinea-Bissau,0,0,1,0,1
2012,Guyana,2,0,16,2,20
2012,Haiti,0,0,1,0,1
2012,Heard Island and McDonald Islands,0,0,0,0,0
2012,Honduras,1,2,10,5,18
2012,Hong Kong,203,665,"7,473",504,8845
2012,Hungary,0,0,0,0,0
2012,Iceland,0,0,0,0,0
2012,India,"3,603","1,776","9,829","2,063",17271
2012,Indonesia,143,90,"1,084",188,1505
2012,Iran,111,154,645,205,1115
2012,Iraq,384,349,830,638,2201
2012,Ireland,0,0,0,0,0
2012,Israel,17,15,163,30,225
2012,Italy,0,0,0,0,0
2012,Ivory Coast,10,6,11,8,35
2012,Jamaica,7,3,65,10,85
2012,Japan,361,663,"1,850",220,3094
2012,Jordan,115,79,555,159,908
2012,Kazakhstan,127,82,"1,164",278,1651
2012,Kenya,95,27,576,163,861
2012,Kiribati,0,0,0,0,0
2012,Korea (North),0,0,1,0,1
2012,Korea (South),283,619,"2,921",382,4205
2012,Kosovo,2,1,20,12,35
2012,Kuwait,226,132,"1,004",233,1595
2012,Kyrgyzstan,4,8,49,19,80
2012,Laos,6,2,12,1,21
2012,Latvia,0,0,0,0,0
2012,Lebanon,23,11,267,48,349
2012,Lesotho,0,0,6,0,6
2012,Liberia,1,0,22,2,25
2012,Libya,319,193,819,454,1785
2012,Liechtenstein,0,0,0,0,0
2012,Lithuania,0,0,0,0,0
2012,Luxembourg,0,0,0,0,0
2012,Macau,5,15,141,15,176
2012,Macedonia,0,5,39,3,47
2012,Madagascar,0,0,8,4,12
2012,Malawi,19,16,80,20,135
2012,Malaysia,464,353,"6,346",870,8033
2012,Maldives,8,2,51,12,73
2012,Mali,1,2,5,3,11
2012,Malta,0,0,0,0,0
2012,Marshall Islands,0,0,0,0,0
2012,Martinique,0,0,0,0,0
2012,Mauritania,1,0,7,5,13
2012,Mauritius,37,13,418,42,510
2012,Mayotte,0,0,0,0,0
2012,Mexico,66,96,805,166,1133
2012,Micronesia,0,0,0,0,0
2012,Moldova,4,2,33,4,43
2012,Monaco,0,0,6,2,8
2012,Mongolia,27,7,67,20,121
2012,Montenegro,3,2,37,2,44
2012,Montserrat (British),0,0,0,0,0
2012,Morocco,47,24,259,66,396
2012,Mozambique,2,2,25,3,32
2012,Namibia,5,3,35,4,47
2012,Nauru,0,0,0,0,0
2012,Nepal,104,39,296,94,533
2012,Netherlands,0,0,0,0,0
2012,Netherlands Antilles,0,0,0,0,0
2012,New Caledonia,0,0,0,0,0
2012,New Zealand,18,25,153,19,215
2012,Nicaragua,0,0,3,0,3
2012,Niger,0,0,4,2,6
2012,Nigeria,"2,265",814,"5,568","2,475",11122
2012,Niue,0,0,0,0,0
2012,Norfolk Island,0,0,0,0,0
2012,Northern Mariana Islands,0,0,0,0,0
2012,Norway,0,0,0,0,0
2012,Occupied Palestinian Territories,24,26,155,22,227
2012,Oman,78,118,"1,035",355,1586
2012,Other and unknown,6,2,30,3,41
2012,Pakistan,"3,176","2,186","4,304","1,318",10984
2012,Palau,0,0,0,0,0
2012,Panama,3,1,25,3,32
2012,Papua New Guinea,0,0,6,0,6
2012,Paraguay,0,0,4,0,4
2012,Peru,8,20,103,13,144
2012,Philippines,140,79,174,35,428
2012,Pitcairn Islands (British),0,0,0,0,0
2012,Poland,0,0,0,0,0
2012,Portugal,0,0,0,0,0
2012,Puerto Rico,0,0,0,0,0
2012,Qatar,154,57,980,220,1411
2012,Refugee,2,0,6,2,10
2012,Reunion,0,0,0,0,0
2012,Romania,0,0,0,0,0
2012,Russia,196,219,"3,404",387,4206
2012,Rwanda,12,8,52,19,91
2012,Samoa,0,0,2,0,2
2012,San Marino,0,0,0,0,0
2012,Sao Tome and Principe,0,0,0,0,0
2012,Saudi Arabia,"1,964","1,050","5,119","1,810",9943
2012,Senegal,14,8,20,8,50
2012,Serbia,14,8,139,29,190
2012,Serbia and Montenegro,0,0,0,0,0
2012,Seychelles,2,1,36,4,43
2012,Sierra Leone,7,2,30,7,46
2012,Singapore,97,167,"2,294",202,2760
2012,Slovakia,0,0,0,0,0
2012,Slovenia,0,0,0,0,0
2012,Solomon Islands,0,0,1,2,3
2012,Somalia,3,1,3,5,12
2012,South Africa,37,16,306,52,411
2012,South Georgia and South Sandwich Islands,0,0,0,0,0
2012,Spain,0,0,0,0,0
2012,Sri Lanka,334,188,654,211,1387
2012,St. Helena (British),0,0,0,0,0
2012,St. Kitts and Nevis,1,1,14,2,18
2012,St. Lucia,3,1,20,4,28
2012,St. Maarten (Dutch Part),0,0,0,0,0
2012,St. Martin (French Part),0,0,0,0,0
2012,St. Pierre and Miquelon,0,0,0,0,0
2012,St. Vincent and the Grenadines,4,1,26,0,31
2012,Stateless,0,0,0,0,0
2012,Sudan,27,22,108,38,195
2012,Sudan (South),0,0,0,0,0
2012,Surinam,1,0,1,0,2
2012,Svalbard and Jan Mayen,0,0,0,0,0
2012,Swaziland,0,1,14,4,19
2012,Sweden,1,0,0,0,1
2012,Switzerland,0,0,0,0,0
2012,Syria,36,27,128,37,228
2012,Taiwan,151,"1,014","1,916",186,3267
2012,Tajikistan,8,4,24,11,47
2012,Tanzania,60,31,217,72,380
2012,Thailand,319,"1,068","2,667",448,4502
2012,Togo,0,0,5,3,8
2012,Tokelau,0,0,0,0,0
2012,Tonga,0,0,2,0,2
2012,Trinidad and Tobago,15,12,220,23,270
2012,Tunisia,11,2,53,11,77
2012,Turkey,237,201,"1,662",305,2405
2012,Turkmenistan,6,11,49,17,83
2012,Turks and Caicos Islands (British),0,0,0,0,0
2012,Tuvalu,0,0,0,0,0
2012,Uganda,42,6,220,75,343
2012,Ukraine,59,78,743,173,1053
2012,United Arab Emirates,180,79,496,164,919
2012,United States,595,"1,581","9,652","1,846",13674
2012,Uruguay,1,0,13,3,17
2012,Uzbekistan,18,9,60,42,129
2012,Vanuatu,0,0,0,0,0
2012,Vatican City,0,0,0,0,0
2012,Venezuela,17,9,103,20,149
2012,Vietnam,314,238,"2,087",306,2945
2012,Virgin Islands (British),0,0,0,0,0
2012,Virgin Islands (US),0,0,0,0,0
2012,Wallis and Futuna,0,0,0,0,0
2012,Western Sahara,0,0,0,0,0
2012,Yemen,24,5,62,33,124
2012,Zambia,30,9,156,44,239
2012,Zimbabwe,39,16,212,24,291
2013,Afghanistan,29,14,67,29,139
2013,Albania,29,9,152,28,218
2013,Algeria,46,16,93,49,204
2013,American Samoa,0,0,0,0,0
2013,Andorra,1,1,1,1,4
2013,Angola,41,15,97,76,229
2013,Anguilla (British),0,0,0,0,0
2013,Antigua and Barbuda,0,0,10,1,11
2013,Argentina,5,7,61,8,81
2013,Armenia,9,8,100,10,127
2013,Aruba,0,0,0,0,0
2013,Australia,43,107,814,171,1135
2013,Austria,0,0,0,0,0
2013,Azerbaijan,27,21,531,118,697
2013,"Bahamas, The",1,2,45,7,55
2013,Bahrain,43,29,663,53,788
2013,Bangladesh,389,251,"1,218",536,2394
2013,Barbados,7,8,79,12,106
2013,Belarus,11,11,162,7,191
2013,Belgium,0,0,0,0,0
2013,Belize,1,0,17,0,18
2013,Benin,2,0,7,2,11
2013,Bermuda (British),0,0,0,0,0
2013,Bhutan,1,0,20,0,21
2013,Bolivia,0,1,19,0,20
2013,"Bonaire, Sint Eustatius and Saba",0,0,0,0,0
2013,Bosnia and Herzegovina,5,3,30,5,43
2013,Botswana,26,6,176,17,225
2013,Brazil,396,407,"1,997","1,299",4099
2013,British overseas citizens,0,0,1,2,3
2013,Brunei,33,24,768,168,993
2013,Bulgaria,0,0,0,0,0
2013,Burkina,1,0,6,5,12
2013,Burma,30,11,114,47,202
2013,Burundi,0,2,5,1,8
2013,Cambodia,9,4,32,8,53
2013,Cameroon,133,67,228,95,523
2013,Canada,114,180,"3,240",195,3729
2013,Cape Verde,0,0,1,1,2
2013,Cayman Islands (British),0,0,0,0,0
2013,Central African Republic,0,0,0,0,0
2013,Chad,1,0,0,1,2
2013,Chile,58,82,383,78,601
2013,China,"2,638","16,096","41,064","2,734",62532
2013,Christmas Island,0,0,0,0,0
2013,Cocos (Keeling) Islands,0,0,0,0,0
2013,Colombia,121,127,585,142,975
2013,Comoros,0,1,0,2,3
2013,Congo,1,0,5,1,7
2013,Congo (Democratic Republic),6,1,11,7,25
2013,Cook Islands,0,0,0,0,0
2013,Costa Rica,1,3,26,4,34
2013,Croatia,6,2,0,0,8
2013,Cuba,0,0,7,3,10
2013,Curacao,0,0,0,0,0
2013,Cyprus,0,0,4,2,6
2013,Cyprus (Northern part of),0,0,0,0,0
2013,Czech Republic,0,0,0,0,0
2013,Denmark,0,0,0,0,0
2013,Djibouti,1,0,3,2,6
2013,Dominica,1,0,10,2,13
2013,Dominican Republic,3,0,28,17,48
2013,East Timor,0,0,1,0,1
2013,Ecuador,4,17,212,17,250
2013,Egypt,156,86,672,195,1109
2013,El Salvador,2,0,10,2,14
2013,Equatorial Guinea,1,0,0,2,3
2013,Eritrea,0,0,8,3,11
2013,Estonia,0,0,0,0,0
2013,Ethiopia,16,11,50,16,93
2013,Falkland Islands (British),0,0,0,0,0
2013,Faroe Islands,0,0,0,0,0
2013,Fiji,0,0,6,0,6
2013,Finland,0,0,0,0,0
2013,Former Yugoslavia,0,0,0,0,0
2013,France,0,0,0,0,0
2013,French Guiana,0,0,0,0,0
2013,French Polynesia,0,0,0,0,0
2013,Gabon,2,3,2,2,9
2013,"Gambia, The",16,8,81,17,122
2013,Georgia,19,9,160,29,217
2013,Germany,0,0,0,0,0
2013,Ghana,202,78,687,120,1087
2013,Gibraltar (British),0,0,0,0,0
2013,Greece,0,0,0,0,0
2013,Greenland,0,0,0,0,0
2013,Grenada,5,1,16,1,23
2013,Guadeloupe,0,0,0,0,0
2013,Guam,0,0,0,0,0
2013,Guatemala,1,1,7,2,11
2013,Guinea,2,0,9,1,12
2013,Guinea-Bissau,0,0,0,0,0
2013,Guyana,2,1,19,1,23
2013,Haiti,0,0,4,0,4
2013,Heard Island and McDonald Islands,0,0,0,0,0
2013,Honduras,0,3,11,1,15
2013,Hong Kong,208,535,"8,502",408,9653
2013,Hungary,0,0,0,0,0
2013,Iceland,0,0,1,0,1
2013,India,"2,191",743,"8,811","1,858",13603
2013,Indonesia,122,92,"1,385",307,1906
2013,Iran,126,70,397,184,777
2013,Iraq,797,628,"1,339","1,004",3768
2013,Ireland,0,0,0,0,0
2013,Israel,8,15,167,26,216
2013,Italy,0,0,0,0,0
2013,Ivory Coast,14,3,18,6,41
2013,Jamaica,2,4,56,10,72
2013,Japan,331,608,"2,176",202,3317
2013,Jordan,101,68,647,189,1005
2013,Kazakhstan,125,76,"1,191",312,1704
2013,Kenya,56,24,698,128,906
2013,Kiribati,0,0,0,0,0
2013,Korea (North),0,0,1,0,1
2013,Korea (South),223,494,"3,220",424,4361
2013,Kosovo,0,0,22,10,32
2013,Kuwait,147,140,"1,346",276,1909
2013,Kyrgyzstan,2,6,53,5,66
2013,Laos,4,7,13,2,26
2013,Latvia,0,0,0,0,0
2013,Lebanon,47,12,439,53,551
2013,Lesotho,0,1,5,0,6
2013,Liberia,1,2,18,8,29
2013,Libya,582,583,"1,117",841,3123
2013,Liechtenstein,0,0,0,0,0
2013,Lithuania,0,0,0,0,0
2013,Luxembourg,0,0,0,0,0
2013,Macau,7,13,167,17,204
2013,Macedonia,2,1,31,4,38
2013,Madagascar,1,3,2,1,7
2013,Malawi,16,20,96,27,159
2013,Malaysia,566,368,"8,174",886,9994
2013,Maldives,5,3,84,8,100
2013,Mali,4,0,5,3,12
2013,Malta,0,0,0,0,0
2013,Marshall Islands,0,0,0,0,0
2013,Martinique,0,0,0,0,0
2013,Mauritania,3,0,5,2,10
2013,Mauritius,27,20,412,55,514
2013,Mayotte,0,0,0,0,0
2013,Mexico,64,79,928,126,1197
2013,Micronesia,0,0,0,0,0
2013,Moldova,0,2,39,5,46
2013,Monaco,0,1,2,0,3
2013,Mongolia,15,8,107,26,156
2013,Montenegro,4,2,48,5,59
2013,Montserrat (British),0,0,0,0,0
2013,Morocco,79,28,258,88,453
2013,Mozambique,3,7,27,14,51
2013,Namibia,7,4,31,4,46
2013,Nauru,0,0,0,0,0
2013,Nepal,89,46,198,49,382
2013,Netherlands,0,0,0,0,0
2013,Netherlands Antilles,0,0,0,0,0
2013,New Caledonia,0,0,0,0,0
2013,New Zealand,13,27,198,31,269
2013,Nicaragua,0,1,6,2,9
2013,Niger,3,1,2,0,6
2013,Nigeria,"2,066",710,"6,756","2,478",12010
2013,Niue,0,0,0,0,0
2013,Norfolk Island,0,0,0,0,0
2013,Northern Mariana Islands,0,0,0,0,0
2013,Norway,0,0,1,0,1
2013,Occupied Palestinian Territories,21,18,193,30,262
2013,Oman,247,256,"1,530",387,2420
2013,Other and unknown,9,2,35,5,51
2013,Pakistan,"1,114",457,"2,436",925,4932
2013,Palau,0,0,0,0,0
2013,Panama,7,0,14,2,23
2013,Papua New Guinea,0,0,2,0,2
2013,Paraguay,0,0,5,0,5
2013,Peru,9,11,113,22,155
2013,Philippines,36,25,207,55,323
2013,Pitcairn Islands (British),0,0,0,0,0
2013,Poland,0,0,0,0,0
2013,Portugal,0,0,0,0,0
2013,Puerto Rico,0,0,0,0,0
2013,Qatar,174,73,"1,324",250,1821
2013,Refugee,2,1,7,1,11
2013,Reunion,0,0,0,0,0
2013,Romania,0,0,0,0,0
2013,Russia,195,375,"3,657",395,4622
2013,Rwanda,5,10,66,14,95
2013,Samoa,0,0,2,1,3
2013,San Marino,0,0,0,0,0
2013,Sao Tome and Principe,0,0,0,0,0
2013,Saudi Arabia,"1,488",968,"5,001","1,904",9361
2013,Senegal,18,5,25,8,56
2013,Serbia,17,5,150,16,188
2013,Serbia and Montenegro,0,0,0,0,0
2013,Seychelles,2,1,30,3,36
2013,Sierra Leone,10,11,38,14,73
2013,Singapore,83,143,"2,669",224,3119
2013,Slovakia,0,0,0,0,0
2013,Slovenia,0,0,0,0,0
2013,Solomon Islands,1,0,2,0,3
2013,Somalia,0,0,4,1,5
2013,South Africa,28,23,326,48,425
2013,South Georgia and South Sandwich Islands,0,0,0,0,0
2013,Spain,0,0,1,0,1
2013,Sri Lanka,189,118,487,212,1006
2013,St. Helena (British),0,0,0,0,0
2013,St. Kitts and Nevis,0,0,12,5,17
2013,St. Lucia,2,1,10,3,16
2013,St. Maarten (Dutch Part),0,0,0,0,0
2013,St. Martin (French Part),0,0,0,0,0
2013,St. Pierre and Miquelon,0,0,0,0,0
2013,St. Vincent and the Grenadines,1,0,13,6,20
2013,Stateless,0,0,0,0,0
2013,Sudan,26,17,138,29,210
2013,Sudan (South),4,1,22,6,33
2013,Surinam,0,0,1,1,2
2013,Svalbard and Jan Mayen,0,0,0,0,0
2013,Swaziland,1,0,10,10,21
2013,Sweden,0,0,0,0,0
2013,Switzerland,0,0,0,0,0
2013,Syria,24,21,127,34,206
2013,Taiwan,130,890,"2,064",197,3281
2013,Tajikistan,2,3,15,7,27
2013,Tanzania,65,35,251,98,449
2013,Thailand,341,"1,326","2,865",392,4924
2013,Togo,0,1,4,4,9
2013,Tokelau,0,0,0,0,0
2013,Tonga,1,0,1,0,2
2013,Trinidad and Tobago,25,14,246,24,309
2013,Tunisia,14,4,70,16,104
2013,Turkey,259,179,"1,659",336,2433
2013,Turkmenistan,15,6,46,11,78
2013,Turks and Caicos Islands (British),0,0,0,0,0
2013,Tuvalu,0,0,0,0,0
2013,Uganda,41,16,296,67,420
2013,Ukraine,57,37,959,81,1134
2013,United Arab Emirates,144,70,633,137,984
2013,United States,693,"1,583","10,112","1,909",14297
2013,Uruguay,2,2,11,1,16
2013,Uzbekistan,44,18,119,90,271
2013,Vanuatu,0,0,0,0,0
2013,Vatican City,0,0,0,0,0
2013,Venezuela,10,16,128,33,187
2013,Vietnam,361,182,"2,012",449,3004
2013,Virgin Islands (British),0,0,0,0,0
2013,Virgin Islands (US),0,0,0,0,0
2013,Wallis and Futuna,0,0,0,0,0
2013,Western Sahara,0,0,0,0,0
2013,Yemen,13,14,95,21,143
2013,Zambia,57,7,184,51,299
2013,Zimbabwe,34,21,211,45,311
2014,Afghanistan,19,16,43,13,91
2014,Albania,24,7,142,56,229
2014,Algeria,48,31,124,61,264
2014,American Samoa,0,0,0,0,0
2014,Andorra,1,1,4,1,7
2014,Angola,61,20,243,52,376
2014,Anguilla (British),0,0,0,0,0
2014,Antigua and Barbuda,2,0,10,5,17
2014,Argentina,7,4,71,11,93
2014,Armenia,4,4,90,14,112
2014,Aruba,0,0,0,0,0
2014,Australia,84,124,844,232,1284
2014,Austria,0,0,0,0,0
2014,Azerbaijan,36,17,561,90,704
2014,"Bahamas, The",4,0,44,6,54
2014,Bahrain,72,40,652,81,845
2014,Bangladesh,"1,024",422,931,317,2694
2014,Barbados,4,2,82,7,95
2014,Belarus,8,3,152,20,183
2014,Belgium,0,0,0,0,0
2014,Belize,0,0,18,1,19
2014,Benin,2,0,2,2,6
2014,Bermuda (British),0,0,0,0,0
2014,Bhutan,0,1,11,1,13
2014,Bolivia,1,0,15,2,18
2014,"Bonaire, Sint Eustatius and Saba",0,0,0,0,0
2014,Bosnia and Herzegovina,4,1,21,1,27
2014,Botswana,18,9,157,9,193
2014,Brazil,291,"1,361","2,468",165,4285
2014,British overseas citizens,0,0,0,2,2
2014,Brunei,51,10,669,136,866
2014,Bulgaria,0,0,0,0,0
2014,Burkina,0,1,7,2,10
2014,Burma,31,20,184,86,321
2014,Burundi,3,1,4,0,8
2014,Cambodia,8,4,36,6,54
2014,Cameroon,130,83,173,54,440
2014,Canada,97,132,"2,974",218,3421
2014,Cape Verde,0,1,3,0,4
2014,Cayman Islands (British),0,0,0,0,0
2014,Central African Republic,0,0,0,0,0
2014,Chad,0,0,0,0,0
2014,Chile,50,48,399,83,580
2014,China,"2,430","15,264","43,878","3,029",64601
2014,Christmas Island,0,0,0,0,0
2014,Cocos (Keeling) Islands,0,0,0,0,0
2014,Colombia,102,117,624,129,972
2014,Comoros,0,0,1,0,1
2014,Congo,3,0,3,4,10
2014,Congo (Democratic Republic),3,3,12,4,22
2014,Cook Islands,0,0,0,0,0
2014,Costa Rica,1,0,47,3,51
2014,Croatia,0,0,0,0,0
2014,Cuba,1,0,6,0,7
2014,Curacao,0,0,0,0,0
2014,Cyprus,0,0,6,0,6
2014,Cyprus (Northern part of),0,0,0,0,0
2014,Czech Republic,0,0,0,0,0
2014,Denmark,0,0,0,0,0
2014,Djibouti,1,0,5,2,8
2014,Dominica,1,0,6,2,9
2014,Dominican Republic,1,1,19,46,67
2014,East Timor,0,0,2,0,2
2014,Ecuador,14,3,265,29,311
2014,Egypt,119,82,891,181,1273
2014,El Salvador,0,1,12,0,13
2014,Equatorial Guinea,0,10,0,2,12
2014,Eritrea,3,0,7,3,13
2014,Estonia,0,0,0,0,0
2014,Ethiopia,13,6,50,9,78
2014,Falkland Islands (British),0,0,0,0,0
2014,Faroe Islands,0,0,0,0,0
2014,Fiji,0,0,11,1,12
2014,Finland,0,0,0,0,0
2014,Former Yugoslavia,0,0,0,0,0
2014,France,0,0,0,0,0
2014,French Guiana,0,0,0,0,0
2014,French Polynesia,0,0,0,0,0
2014,Gabon,1,1,6,2,10
2014,"Gambia, The",13,4,55,15,87
2014,Georgia,12,15,160,28,215
2014,Germany,0,0,0,0,0
2014,Ghana,118,74,534,110,836
2014,Gibraltar (British),0,0,0,0,0
2014,Greece,0,0,0,0,0
2014,Greenland,0,0,0,0,0
2014,Grenada,1,0,10,2,13
2014,Guadeloupe,0,0,0,0,0
2014,Guam,0,0,0,0,0
2014,Guatemala,1,1,20,3,25
2014,Guinea,1,0,6,0,7
2014,Guinea-Bissau,0,0,1,0,1
2014,Guyana,0,0,17,6,23
2014,Haiti,0,0,3,0,3
2014,Heard Island and McDonald Islands,0,0,0,0,0
2014,Honduras,0,0,10,5,15
2014,Hong Kong,230,410,"8,373",419,9432
2014,Hungary,0,0,0,0,0
2014,Iceland,0,0,0,0,0
2014,India,"1,757",689,"8,675","1,479",12600
2014,Indonesia,136,120,"1,866",292,2414
2014,Iran,122,76,473,164,835
2014,Iraq,798,492,"1,050","1,145",3485
2014,Ireland,0,0,0,0,0
2014,Israel,9,6,143,24,182
2014,Italy,0,0,1,0,1
2014,Ivory Coast,8,3,11,12,34
2014,Jamaica,3,2,65,10,80
2014,Japan,290,544,"2,181",208,3223
2014,Jordan,141,96,705,189,1131
2014,Kazakhstan,169,95,"1,215",212,1691
2014,Kenya,89,19,803,122,1033
2014,Kiribati,0,0,0,0,0
2014,Korea (North),0,0,0,1,1
2014,Korea (South),177,413,"3,154",401,4145
2014,Kosovo,4,2,12,6,24
2014,Kuwait,212,140,"1,703",348,2403
2014,Kyrgyzstan,6,3,42,5,56
2014,Laos,3,7,23,5,38
2014,Latvia,0,0,0,0,0
2014,Lebanon,37,43,452,84,616
2014,Lesotho,0,0,7,2,9
2014,Liberia,6,2,22,3,33
2014,Libya,"1,217",805,923,740,3685
2014,Liechtenstein,0,0,0,0,0
2014,Lithuania,0,0,0,0,0
2014,Luxembourg,0,0,0,0,0
2014,Macau,4,16,185,20,225
2014,Macedonia,3,0,42,13,58
2014,Madagascar,1,1,8,3,13
2014,Malawi,11,10,105,28,154
2014,Malaysia,607,334,"8,848",940,10729
2014,Maldives,15,1,85,14,115
2014,Mali,1,0,8,2,11
2014,Malta,0,0,0,0,0
2014,Marshall Islands,0,0,0,0,0
2014,Martinique,0,0,0,0,0
2014,Mauritania,3,1,6,2,12
2014,Mauritius,20,21,457,53,551
2014,Mayotte,0,0,0,0,0
2014,Mexico,87,66,"1,083",204,1440
2014,Micronesia,0,0,0,0,0
2014,Moldova,3,0,16,3,22
2014,Monaco,0,0,6,0,6
2014,Mongolia,19,16,108,18,161
2014,Montenegro,1,0,50,7,58
2014,Montserrat (British),0,0,0,0,0
2014,Morocco,80,39,295,107,521
2014,Mozambique,3,1,28,14,46
2014,Namibia,9,2,45,7,63
2014,Nauru,0,0,0,0,0
2014,Nepal,71,52,167,63,353
2014,Netherlands,0,0,0,0,0
2014,Netherlands Antilles,0,0,0,0,0
2014,New Caledonia,0,0,0,0,0
2014,New Zealand,22,27,181,25,255
2014,Nicaragua,0,0,4,0,4
2014,Niger,1,0,3,2,6
2014,Nigeria,"1,627",638,"6,474","1,749",10488
2014,Niue,0,0,0,0,0
2014,Norfolk Island,0,0,0,0,0
2014,Northern Mariana Islands,0,0,0,0,0
2014,Norway,0,0,0,0,0
2014,Occupied Palestinian Territories,25,23,166,56,270
2014,Oman,197,208,"1,931",358,2694
2014,Other and unknown,1,3,29,7,40
2014,Pakistan,988,331,"2,572",447,4338
2014,Palau,0,0,0,0,0
2014,Panama,1,1,22,0,24
2014,Papua New Guinea,1,0,16,4,21
2014,Paraguay,0,0,7,0,7
2014,Peru,10,16,129,23,178
2014,Philippines,32,20,186,35,273
2014,Pitcairn Islands (British),0,0,0,0,0
2014,Poland,0,0,0,0,0
2014,Portugal,0,0,0,0,0
2014,Puerto Rico,0,0,0,0,0
2014,Qatar,297,99,"1,568",307,2271
2014,Refugee,1,0,6,1,8
2014,Reunion,0,0,0,0,0
2014,Romania,0,0,0,0,0
2014,Russia,188,202,"3,650",322,4362
2014,Rwanda,11,7,39,17,74
2014,Samoa,0,0,0,0,0
2014,San Marino,0,0,0,0,0
2014,Sao Tome and Principe,0,0,1,1,2
2014,Saudi Arabia,"2,046","1,231","5,216","1,942",10435
2014,Senegal,13,6,13,12,44
2014,Serbia,10,6,127,23,166
2014,Serbia and Montenegro,0,0,0,0,0
2014,Seychelles,1,2,39,6,48
2014,Sierra Leone,15,7,52,13,87
2014,Singapore,73,121,"2,697",202,3093
2014,Slovakia,0,0,0,0,0
2014,Slovenia,0,0,0,0,0
2014,Solomon Islands,0,0,0,0,0
2014,Somalia,3,1,7,1,12
2014,South Africa,24,20,301,43,388
2014,South Georgia and South Sandwich Islands,0,0,0,0,0
2014,Spain,0,0,0,0,0
2014,Sri Lanka,96,49,477,107,729
2014,St. Helena (British),0,0,0,0,0
2014,St. Kitts and Nevis,1,3,28,2,34
2014,St. Lucia,1,2,29,4,36
2014,St. Maarten (Dutch Part),0,0,0,0,0
2014,St. Martin (French Part),0,0,0,0,0
2014,St. Pierre and Miquelon,0,0,0,0,0
2014,St. Vincent and the Grenadines,3,0,15,4,22
2014,Stateless,0,0,0,0,0
2014,Sudan,26,8,136,46,216
2014,Sudan (South),1,1,26,3,31
2014,Surinam,0,0,0,0,0
2014,Svalbard and Jan Mayen,0,0,0,0,0
2014,Swaziland,2,2,9,1,14
2014,Sweden,0,0,0,0,0
2014,Switzerland,0,0,0,0,0
2014,Syria,30,8,125,32,195
2014,Taiwan,108,740,"2,131",169,3148
2014,Tajikistan,4,0,17,1,22
2014,Tanzania,71,32,271,78,452
2014,Thailand,282,"1,214","2,836",443,4775
2014,Togo,1,0,6,1,8
2014,Tokelau,0,0,0,0,0
2014,Tonga,0,0,9,0,9
2014,Trinidad and Tobago,38,10,259,20,327
2014,Tunisia,14,2,59,22,97
2014,Turkey,226,179,"1,583",245,2233
2014,Turkmenistan,10,7,35,2,54
2014,Turks and Caicos Islands (British),0,0,0,0,0
2014,Tuvalu,0,0,0,0,0
2014,Uganda,40,18,237,53,348
2014,Ukraine,56,27,776,120,979
2014,United Arab Emirates,164,54,634,115,967
2014,United States,536,"1,434","10,139","1,880",13989
2014,Uruguay,1,2,19,8,30
2014,Uzbekistan,51,17,137,48,253
2014,Vanuatu,0,0,0,0,0
2014,Vatican City,0,0,0,0,0
2014,Venezuela,20,8,135,35,198
2014,Vietnam,335,180,"1,964",361,2840
2014,Virgin Islands (British),0,0,0,0,0
2014,Virgin Islands (US),0,0,0,0,0
2014,Wallis and Futuna,0,0,0,0,0
2014,Western Sahara,0,0,0,0,0
2014,Yemen,20,4,100,17,141
2014,Zambia,28,13,176,42,259
2014,Zimbabwe,35,31,227,47,340
2015,Afghanistan,19,8,52,9,88
2015,Albania,23,5,166,24,218
2015,Algeria,52,79,132,83,346
2015,American Samoa,0,0,0,0,0
2015,Andorra,0,0,0,0,0
2015,Angola,57,8,324,81,470
2015,Anguilla (British),0,0,0,0,0
2015,Antigua and Barbuda,1,0,9,0,10
2015,Argentina,4,7,99,13,123
2015,Armenia,3,4,69,17,93
2015,Aruba,0,0,0,0,0
2015,Australia,64,114,914,211,1303
2015,Austria,0,0,0,0,0
2015,Azerbaijan,15,14,504,78,611
2015,"Bahamas, The",2,0,41,3,46
2015,Bahrain,38,33,596,81,748
2015,Bangladesh,192,83,836,164,1275
2015,Barbados,4,8,85,0,97
2015,Belarus,3,5,141,12,161
2015,Belgium,0,0,0,0,0
2015,Belize,1,2,28,1,32
2015,Benin,1,1,5,1,8
2015,Bermuda (British),0,0,1,0,1
2015,Bhutan,1,1,15,0,17
2015,Bolivia,3,2,28,1,34
2015,"Bonaire, Sint Eustatius and Saba",0,0,0,0,0
2015,Bosnia and Herzegovina,2,0,34,5,41
2015,Botswana,13,5,175,20,213
2015,Brazil,134,295,"1,786",144,2359
2015,British overseas citizens,0,0,6,0,6
2015,Brunei,45,22,527,54,648
2015,Bulgaria,0,0,0,0,0
2015,Burkina,2,0,4,0,6
2015,Burma,22,10,220,67,319
2015,Burundi,2,0,10,2,14
2015,Cambodia,6,7,65,12,90
2015,Cameroon,68,18,141,29,256
2015,Canada,90,114,"2,951",181,3336
2015,Cape Verde,1,0,0,0,1
2015,Cayman Islands (British),0,0,0,0,0
2015,Central African Republic,0,0,1,0,1
2015,Chad,0,0,0,0,0
2015,Chile,23,44,444,76,587
2015,China,"2,306","19,073","45,910","3,462",70751
2015,Christmas Island,0,0,0,0,0
2015,Cocos (Keeling) Islands,0,0,0,0,0
2015,Colombia,76,100,613,81,870
2015,Comoros,0,0,4,0,4
2015,Congo,1,0,3,1,5
2015,Congo (Democratic Republic),0,0,20,3,23
2015,Cook Islands,0,0,0,0,0
2015,Costa Rica,1,2,46,2,51
2015,Croatia,0,0,0,0,0
2015,Cuba,1,0,19,0,20
2015,Curacao,0,0,0,0,0
2015,Cyprus,0,0,4,0,4
2015,Cyprus (Northern part of),0,0,0,0,0
2015,Czech Republic,0,0,0,0,0
2015,Denmark,0,0,0,0,0
2015,Djibouti,0,0,3,2,5
2015,Dominica,2,2,13,2,19
2015,Dominican Republic,8,0,65,16,89
2015,East Timor,0,0,3,0,3
2015,Ecuador,14,30,465,27,536
2015,Egypt,119,79,"1,151",260,1609
2015,El Salvador,0,1,18,1,20
2015,Equatorial Guinea,10,0,1,0,11
2015,Eritrea,2,0,8,1,11
2015,Estonia,0,0,0,0,0
2015,Ethiopia,9,4,64,15,92
2015,Falkland Islands (British),0,0,0,0,0
2015,Faroe Islands,0,0,0,0,0
2015,Fiji,0,0,13,2,15
2015,Finland,0,0,0,0,0
2015,Former Yugoslavia,0,0,0,0,0
2015,France,0,0,0,0,0
2015,French Guiana,0,0,0,0,0
2015,French Polynesia,0,0,0,0,0
2015,Gabon,2,0,5,0,7
2015,"Gambia, The",10,2,63,18,93
2015,Georgia,7,3,158,18,186
2015,Germany,0,0,0,0,0
2015,Ghana,97,45,587,152,881
2015,Gibraltar (British),0,0,0,0,0
2015,Greece,0,0,0,0,0
2015,Greenland,0,0,0,0,0
2015,Grenada,9,2,16,3,30
2015,Guadeloupe,0,0,0,0,0
2015,Guam,0,0,0,0,0
2015,Guatemala,1,1,21,2,25
2015,Guinea,3,0,3,4,10
2015,Guinea-Bissau,0,0,0,1,1
2015,Guyana,6,0,36,7,49
2015,Haiti,0,0,7,0,7
2015,Heard Island and McDonald Islands,0,0,0,0,0
2015,Honduras,0,1,16,1,18
2015,Hong Kong,185,316,"8,105",435,9041
2015,Hungary,0,0,1,0,1
2015,Iceland,0,0,0,0,0
2015,India,"1,254",455,"8,462",989,11160
2015,Indonesia,111,128,"2,159",294,2692
2015,Iran,106,53,459,158,776
2015,Iraq,386,213,312,190,1101
2015,Ireland,0,0,0,0,0
2015,Israel,14,3,124,21,162
2015,Italy,0,0,0,0,0
2015,Ivory Coast,6,16,26,8,56
2015,Jamaica,3,2,63,8,76
2015,Japan,322,442,"2,077",168,3009
2015,Jordan,143,110,743,192,1188
2015,Kazakhstan,152,77,"1,177",172,1578
2015,Kenya,65,14,773,116,968
2015,Kiribati,0,0,0,0,0
2015,Korea (North),0,0,0,0,0
2015,Korea (South),198,368,"3,293",373,4232
2015,Kosovo,1,0,16,3,20
2015,Kuwait,237,185,"1,627",456,2505
2015,Kyrgyzstan,4,2,43,11,60
2015,Laos,6,5,28,6,45
2015,Latvia,0,0,0,0,0
2015,Lebanon,37,22,456,67,582
2015,Lesotho,3,0,10,2,15
2015,Liberia,5,0,22,2,29
2015,Libya,535,269,305,134,1243
2015,Liechtenstein,0,0,0,0,0
2015,Lithuania,0,0,0,0,0
2015,Luxembourg,0,0,0,0,0
2015,Macau,6,16,227,20,269
2015,Macedonia,1,0,50,5,56
2015,Madagascar,2,0,22,2,26
2015,Malawi,16,4,113,21,154
2015,Malaysia,597,306,"8,299",666,9868
2015,Maldives,8,5,81,7,101
2015,Mali,3,1,3,2,9
2015,Malta,0,0,0,0,0
2015,Marshall Islands,0,0,1,0,1
2015,Martinique,0,0,0,0,0
2015,Mauritania,1,1,14,3,19
2015,Mauritius,19,13,385,32,449
2015,Mayotte,0,0,0,0,0
2015,Mexico,61,64,"1,282",98,1505
2015,Micronesia,0,0,0,0,0
2015,Moldova,1,0,17,4,22
2015,Monaco,0,0,5,0,5
2015,Mongolia,18,5,141,19,183
2015,Montenegro,2,3,46,4,55
2015,Montserrat (British),0,0,0,0,0
2015,Morocco,74,31,312,58,475
2015,Mozambique,4,1,40,6,51
2015,Namibia,0,2,49,7,58
2015,Nauru,0,0,0,0,0
2015,Nepal,34,8,175,25,242
2015,Netherlands,0,0,0,0,0
2015,Netherlands Antilles,0,0,0,0,0
2015,New Caledonia,0,0,0,0,0
2015,New Zealand,24,25,198,32,279
2015,Nicaragua,0,0,7,1,8
2015,Niger,2,0,5,1,8
2015,Nigeria,"2,053",545,"5,226","1,700",9524
2015,Niue,0,0,1,0,1
2015,Norfolk Island,0,0,0,0,0
2015,Northern Mariana Islands,0,0,0,0,0
2015,Norway,0,0,0,0,0
2015,Occupied Palestinian Territories,11,16,180,26,233
2015,Oman,233,274,"1,841",363,2711
2015,Other and unknown,1,1,25,6,33
2015,Pakistan,508,169,"1,792",551,3020
2015,Palau,0,0,0,0,0
2015,Panama,6,5,28,4,43
2015,Papua New Guinea,0,0,6,1,7
2015,Paraguay,2,1,21,0,24
2015,Peru,5,22,184,18,229
2015,Philippines,26,16,229,26,297
2015,Pitcairn Islands (British),0,0,0,0,0
2015,Poland,0,0,0,0,0
2015,Portugal,0,0,0,0,0
2015,Puerto Rico,0,0,0,0,0
2015,Qatar,203,93,"1,433",314,2043
2015,Refugee,3,0,6,12,21
2015,Reunion,0,0,0,0,0
2015,Romania,0,0,0,0,0
2015,Russia,108,219,"2,945",233,3505
2015,Rwanda,6,12,56,12,86
2015,Samoa,0,0,1,1,2
2015,San Marino,0,0,2,0,2
2015,Sao Tome and Principe,0,0,0,0,0
2015,Saudi Arabia,"1,906","1,077","4,580","1,797",9360
2015,Senegal,17,3,17,4,41
2015,Serbia,13,7,132,23,175
2015,Serbia and Montenegro,0,0,0,0,0
2015,Seychelles,8,2,59,5,74
2015,Sierra Leone,10,6,76,10,102
2015,Singapore,82,86,"2,604",146,2918
2015,Slovakia,0,0,0,0,0
2015,Slovenia,0,0,0,0,0
2015,Solomon Islands,0,0,2,0,2
2015,Somalia,0,1,10,0,11
2015,South Africa,19,22,386,57,484
2015,South Georgia and South Sandwich Islands,0,0,0,0,0
2015,Spain,0,0,0,0,0
2015,Sri Lanka,91,19,407,90,607
2015,St. Helena (British),0,0,0,0,0
2015,St. Kitts and Nevis,4,1,33,3,41
2015,St. Lucia,1,42,23,1,67
2015,St. Maarten (Dutch Part),0,0,0,0,0
2015,St. Martin (French Part),0,0,0,0,0
2015,St. Pierre and Miquelon,0,0,0,0,0
2015,St. Vincent and the Grenadines,1,1,18,0,20
2015,Stateless,1,0,2,0,3
2015,Sudan,17,15,169,40,241
2015,Sudan (South),6,3,36,5,50
2015,Surinam,0,0,1,0,1
2015,Svalbard and Jan Mayen,0,0,0,0,0
2015,Swaziland,1,0,22,3,26
2015,Sweden,0,0,0,0,0
2015,Switzerland,0,0,0,0,0
2015,Syria,14,11,129,39,193
2015,Taiwan,105,683,"2,294",161,3243
2015,Tajikistan,1,2,22,4,29
2015,Tanzania,61,24,260,74,419
2015,Thailand,226,"1,320","2,684",315,4545
2015,Togo,2,0,3,3,8
2015,Tokelau,0,0,0,0,0
2015,Tonga,0,0,1,1,2
2015,Trinidad and Tobago,23,16,266,27,332
2015,Tunisia,16,4,89,11,120
2015,Turkey,223,185,"1,521",204,2133
2015,Turkmenistan,4,1,31,7,43
2015,Turks and Caicos Islands (British),0,0,1,0,1
2015,Tuvalu,0,0,2,0,2
2015,Uganda,14,5,279,47,345
2015,Ukraine,40,33,625,96,794
2015,United Arab Emirates,107,70,532,127,836
2015,United States,623,"1,178","10,559","1,783",14143
2015,Uruguay,5,2,42,0,49
2015,Uzbekistan,25,10,107,27,169
2015,Vanuatu,0,0,1,0,1
2015,Vatican City,0,0,0,0,0
2015,Venezuela,7,8,107,18,140
2015,Vietnam,254,187,"1,943",314,2698
2015,Virgin Islands (British),0,0,0,0,0
2015,Virgin Islands (US),0,0,0,0,0
2015,Wallis and Futuna,0,0,0,0,0
2015,Western Sahara,0,0,0,0,0
2015,Yemen,23,1,43,29,96
2015,Zambia,25,16,162,26,229
2015,Zimbabwe,32,8,251,61,352
2016,Afghanistan,5,1,46,14,66
2016,Albania,21,10,156,35,222
2016,Algeria,37,42,199,78,356
2016,American Samoa,0,0,0,0,0
2016,Andorra,0,0,5,0,5
2016,Angola,42,17,268,122,449
2016,Anguilla (British),0,0,0,0,0
2016,Antigua and Barbuda,2,0,20,2,24
2016,Argentina,4,4,93,15,116
2016,Armenia,7,4,65,7,83
2016,Aruba,0,0,0,0,0
2016,Australia,56,114,846,231,1247
2016,Austria,0,0,0,0,0
2016,Azerbaijan,20,9,337,35,401
2016,"Bahamas, The",2,1,59,7,69
2016,Bahrain,46,40,645,82,813
2016,Bangladesh,143,76,817,200,1236
2016,Barbados,5,2,63,5,75
2016,Belarus,6,5,96,10,117
2016,Belgium,0,0,0,0,0
2016,Belize,2,0,29,0,31
2016,Benin,1,1,12,3,17
2016,Bermuda (British),0,0,0,0,0
2016,Bhutan,1,0,19,4,24
2016,Bolivia,1,1,47,6,55
2016,"Bonaire, Sint Eustatius and Saba",0,0,0,0,0
2016,Bosnia and Herzegovina,0,0,26,5,31
2016,Botswana,13,4,170,9,196
2016,Brazil,64,67,579,97,807
2016,British overseas citizens,0,0,5,0,5
2016,Brunei,13,10,455,45,523
2016,Bulgaria,0,0,0,0,0
2016,Burkina,5,0,6,2,13
2016,Burma,15,8,283,53,359
2016,Burundi,2,0,9,1,12
2016,Cambodia,1,5,76,10,92
2016,Cameroon,44,15,126,48,233
2016,Canada,79,189,"2,761",212,3241
2016,Cape Verde,0,0,3,0,3
2016,Cayman Islands (British),0,0,0,0,0
2016,Central African Republic,0,0,0,0,0
2016,Chad,0,1,1,2,4
2016,Chile,30,74,450,62,616
2016,China,"2,067","18,755","52,293","3,521",76636
2016,Christmas Island,0,0,0,0,0
2016,Cocos (Keeling) Islands,0,0,0,0,0
2016,Colombia,47,56,540,66,709
2016,Comoros,0,0,3,0,3
2016,Congo,2,0,9,2,13
2016,Congo (Democratic Republic),0,3,25,6,34
2016,Cook Islands,0,0,0,0,0
2016,Costa Rica,6,2,54,11,73
2016,Croatia,0,0,0,0,0
2016,Cuba,1,0,16,2,19
2016,Curacao,0,0,0,0,0
2016,Cyprus,0,0,1,1,2
2016,Cyprus (Northern part of),0,0,0,0,0
2016,Czech Republic,0,0,0,0,0
2016,Denmark,0,0,0,0,0
2016,Djibouti,1,0,2,1,4
2016,Dominica,1,3,18,1,23
2016,Dominican Republic,4,2,122,4,132
2016,East Timor,0,0,1,0,1
2016,Ecuador,15,27,372,18,432
2016,Egypt,154,77,"1,258",290,1779
2016,El Salvador,0,0,22,5,27
2016,Equatorial Guinea,0,1,11,2,14
2016,Eritrea,3,1,9,2,15
2016,Estonia,0,0,0,0,0
2016,Ethiopia,9,3,60,21,93
2016,Falkland Islands (British),0,0,0,0,0
2016,Faroe Islands,0,0,0,0,0
2016,Fiji,1,1,15,1,18
2016,Finland,0,0,0,0,0
2016,Former Yugoslavia,0,0,0,0,0
2016,France,0,0,0,0,0
2016,French Guiana,0,0,0,0,0
2016,French Polynesia,0,0,0,0,0
2016,Gabon,1,1,6,2,10
2016,"Gambia, The",10,7,51,12,80
2016,Georgia,12,4,147,9,172
2016,Germany,0,0,1,0,1
2016,Ghana,82,28,696,156,962
2016,Gibraltar (British),0,0,0,0,0
2016,Greece,0,0,0,0,0
2016,Greenland,0,0,0,0,0
2016,Grenada,2,1,19,0,22
2016,Guadeloupe,0,0,0,0,0
2016,Guam,0,0,0,0,0
2016,Guatemala,1,2,34,3,40
2016,Guinea,2,0,8,1,11
2016,Guinea-Bissau,0,0,2,0,2
2016,Guyana,4,2,41,3,50
2016,Haiti,0,0,5,1,6
2016,Heard Island and McDonald Islands,0,0,0,0,0
2016,Honduras,0,1,18,3,22
2016,Hong Kong,165,364,"7,959",519,9007
2016,Hungary,0,0,0,0,0
2016,Iceland,0,0,0,0,0
2016,India,798,415,"8,919","1,198",11330
2016,Indonesia,138,117,"2,619",310,3184
2016,Iran,99,50,605,224,978
2016,Iraq,117,58,251,120,546
2016,Ireland,0,0,0,0,0
2016,Israel,7,12,134,19,172
2016,Italy,0,0,0,0,0
2016,Ivory Coast,6,1,29,10,46
2016,Jamaica,2,4,84,10,100
2016,Japan,241,409,"1,981",159,2790
2016,Jordan,131,77,855,188,1251
2016,Kazakhstan,89,115,"1,017",145,1366
2016,Kenya,66,18,783,129,996
2016,Kiribati,0,0,1,0,1
2016,Korea (North),0,0,1,0,1
2016,Korea (South),139,381,"3,440",385,4345
2016,Kosovo,2,3,45,1,51
2016,Kuwait,241,131,"2,205",366,2943
2016,Kyrgyzstan,1,1,44,14,60
2016,Laos,2,5,33,13,53
2016,Latvia,0,0,0,0,0
2016,Lebanon,38,23,556,58,675
2016,Lesotho,0,0,10,1,11
2016,Liberia,6,0,20,3,29
2016,Libya,100,92,187,100,479
2016,Liechtenstein,0,0,0,0,0
2016,Lithuania,0,0,0,0,0
2016,Luxembourg,0,0,0,0,0
2016,Macau,6,18,245,9,278
2016,Macedonia,1,2,43,5,51
2016,Madagascar,1,0,20,0,21
2016,Malawi,10,4,126,20,160
2016,Malaysia,292,221,"7,059",463,8035
2016,Maldives,1,2,80,8,91
2016,Mali,0,0,7,4,11
2016,Malta,0,0,0,0,0
2016,Marshall Islands,0,0,0,0,0
2016,Martinique,0,0,0,0,0
2016,Mauritania,1,0,18,3,22
2016,Mauritius,17,10,396,31,454
2016,Mayotte,0,0,0,0,0
2016,Mexico,69,99,"1,209",93,1470
2016,Micronesia,0,0,0,0,0
2016,Moldova,3,1,11,3,18
2016,Monaco,0,0,7,0,7
2016,Mongolia,14,13,170,16,213
2016,Montenegro,0,3,41,0,44
2016,Montserrat (British),0,0,0,0,0
2016,Morocco,52,13,320,83,468
2016,Mozambique,5,1,40,4,50
2016,Namibia,6,1,49,14,70
2016,Nauru,0,0,0,0,0
2016,Nepal,21,19,172,29,241
2016,Netherlands,0,0,0,0,0
2016,Netherlands Antilles,0,0,0,0,0
2016,New Caledonia,0,0,0,0,0
2016,New Zealand,18,27,223,18,286
2016,Nicaragua,0,0,7,0,7
2016,Niger,0,0,2,0,2
2016,Nigeria,"1,205",383,"3,576","1,321",6485
2016,Niue,0,0,0,0,0
2016,Norfolk Island,0,0,0,0,0
2016,Northern Mariana Islands,0,0,0,0,0
2016,Norway,0,0,0,0,0
2016,Occupied Palestinian Territories,23,24,213,35,295
2016,Oman,249,195,"1,539",231,2214
2016,Other and unknown,3,2,28,5,38
2016,Pakistan,393,161,"2,108",672,3334
2016,Palau,0,0,0,0,0
2016,Panama,4,2,35,9,50
2016,Papua New Guinea,1,0,5,5,11
2016,Paraguay,0,1,50,2,53
2016,Peru,15,26,205,25,271
2016,Philippines,30,16,259,41,346
2016,Pitcairn Islands (British),0,0,0,0,0
2016,Poland,0,0,0,0,0
2016,Portugal,0,0,0,0,0
2016,Puerto Rico,0,0,0,0,0
2016,Qatar,212,49,"1,250",278,1789
2016,Refugee,2,1,6,1,10
2016,Reunion,0,0,0,0,0
2016,Romania,0,0,0,0,0
2016,Russia,92,167,"2,527",257,3043
2016,Rwanda,9,11,46,22,88
2016,Samoa,0,0,3,0,3
2016,San Marino,0,0,0,0,0
2016,Sao Tome and Principe,0,0,1,0,1
2016,Saudi Arabia,"1,286","1,020","4,388","1,731",8425
2016,Senegal,1,1,22,3,27
2016,Serbia,6,6,129,14,155
2016,Serbia and Montenegro,0,0,0,0,0
2016,Seychelles,3,3,67,3,76
2016,Sierra Leone,6,1,74,10,91
2016,Singapore,74,130,"2,440",180,2824
2016,Slovakia,0,0,0,0,0
2016,Slovenia,0,0,0,0,0
2016,Solomon Islands,0,0,6,0,6
2016,Somalia,1,1,18,3,23
2016,South Africa,15,23,420,48,506
2016,South Georgia and South Sandwich Islands,0,0,0,0,0
2016,Spain,0,0,0,0,0
2016,Sri Lanka,31,36,377,53,497
2016,St. Helena (British),0,0,0,0,0
2016,St. Kitts and Nevis,6,2,44,11,63
2016,St. Lucia,2,1,26,4,33
2016,St. Maarten (Dutch Part),0,0,0,0,0
2016,St. Martin (French Part),0,0,0,0,0
2016,St. Pierre and Miquelon,0,0,0,0,0
2016,St. Vincent and the Grenadines,0,1,15,7,23
2016,Stateless,0,0,1,1,2
2016,Sudan,23,8,160,52,243
2016,Sudan (South),3,1,33,12,49
2016,Surinam,0,0,0,0,0
2016,Svalbard and Jan Mayen,0,0,0,0,0
2016,Swaziland,0,0,20,0,20
2016,Sweden,0,0,0,0,0
2016,Switzerland,0,0,0,0,0
2016,Syria,24,9,143,39,215
2016,Taiwan,88,617,"2,185",145,3035
2016,Tajikistan,5,1,34,7,47
2016,Tanzania,62,27,253,69,411
2016,Thailand,207,"1,153","2,811",378,4549
2016,Togo,0,1,6,3,10
2016,Tokelau,0,0,0,0,0
2016,Tonga,0,0,2,0,2
2016,Trinidad and Tobago,27,12,250,20,309
2016,Tunisia,8,2,88,18,116
2016,Turkey,169,293,"1,689",234,2385
2016,Turkmenistan,6,2,32,11,51
2016,Turks and Caicos Islands (British),0,0,0,0,0
2016,Tuvalu,0,0,0,0,0
2016,Uganda,27,6,242,48,323
2016,Ukraine,24,41,623,65,753
2016,United Arab Emirates,68,30,561,92,751
2016,United States,450,"1,453","10,480","1,789",14172
2016,Uruguay,0,1,40,2,43
2016,Uzbekistan,16,6,107,23,152
2016,Vanuatu,0,0,2,1,3
2016,Vatican City,0,0,0,0,0
2016,Venezuela,10,15,89,14,128
2016,Vietnam,250,201,"1,793",363,2607
2016,Virgin Islands (British),1,0,0,0,1
2016,Virgin Islands (US),0,0,0,0,0
2016,Wallis and Futuna,0,0,0,0,0
2016,Western Sahara,0,0,0,0,0
2016,Yemen,14,7,53,14,88
2016,Zambia,28,10,166,35,239
2016,Zimbabwe,31,9,273,44,357
